date,series,n_markets,closed,event_volume_usd,winning_band,harvested,total_trades,unique_wallets
2025-01-22,F,7,True,116309.14,Will the highest temperature in London be between 40-41°F on January 22?,False,,
2025-01-23,F,7,True,68303.97,Will the highest temperature in London be between 48-49°F on January 23?,False,,
2025-01-24,F,7,True,54610.52,Will the highest temperature in London be between 51-52°F on January 24?,False,,
2025-01-25,F,7,True,61378.17,Will the highest temperature in London be between 47-48°F on January 25?,False,,
2025-01-27,F,7,True,22294.15,Will the highest temperature in London be between 50-51°F on January 28?,False,,
2025-01-29,F,7,True,55428.56,Will the highest temperature in London be between 48-49°F on January 29?,False,,
2025-01-30,F,7,True,50795.7,Will the highest temperature in London be between 46-47°F on January 30?,False,,
2025-01-31,F,4,True,50163.34,Will the highest temperature in London be between 44-45°F on January 31?,False,,
2025-02-01,F,7,True,159419.02,Will the highest temperature in London between 43-44°F on February 1?,False,,
2025-02-02,F,7,True,100351.58,Will the highest temperature in London be between 45-46°F on February 2?,False,,
2025-02-03,F,6,True,43575.15,Will the highest temperature in London be between 48-49°F on February 3?,False,,
2025-02-04,F,6,True,22390.09,Will the highest temperature in London be between 49-50°F on February 4?,False,,
2025-02-05,F,7,True,93127.46,Will the highest temperature in London be between 49-50°F on February 5?,False,,
2025-02-06,F,6,True,70615.92,Will the highest temperature in London be between 45-46°F on February 6?,False,,
2025-02-07,F,6,True,37823.91,Will the highest temperature in London be between 40-41°F on February 7?,False,,
2025-02-08,F,7,True,80646.39,Will the highest temperature in London be between 42-43°F on February 8?,False,,
2025-02-09,F,7,True,75047.01,Will the highest temperature in London be between 42-43°F on February 9?,False,,
2025-02-10,F,7,True,57632.78,Will the highest temperature in London be between 41-42°F on February 10?,False,,
2025-02-11,F,7,True,62910.0,Will the highest temperature in London be between 40-41°F on February 11?,False,,
2025-02-12,F,7,True,86533.91,Will the highest temperature in London be between 42-43°F on February 12?,False,,
2025-02-13,F,7,True,409856.08,Will the highest temperature in London be between 41-42°F on February 13?,False,,
2025-02-14,F,7,True,59758.9,Will the highest temperature in London be between 41-42°F on February 14?,False,,
2025-02-15,F,7,True,330080.36,Will the highest temperature in London be between 43-44°F on February 15?,False,,
2025-02-16,F,6,True,335540.16,Will the highest temperature in London be between 39-40°F on February 16?,False,,
2025-02-17,F,7,True,325301.94,Will the highest temperature in London be between 40-41°F on February 17?,False,,
2025-02-18,F,7,True,41224.41,Will the highest temperature in London be between 43-44°F on February 18?,False,,
2025-02-19,F,7,True,109410.19,Will the highest temperature in London be between 45-46°F on February 19?,False,,
2025-02-20,F,7,True,120786.63,Will the highest temperature in London be between 55-56°F on February 20?,False,,
2025-02-21,F,7,True,83680.84,Will the highest temperature in London be between 61-62°F on February 21?,False,,
2025-02-22,F,7,True,87585.38,Will the highest temperature in London be between 57-58°F on February 22?,False,,
2025-02-23,F,7,True,95946.42,Will the highest temperature in London be between 52-53°F on February 23?,False,,
2025-02-24,F,7,True,75459.82,Will the highest temperature in London be between 56-57°F on February 24?,False,,
2025-02-25,F,7,True,167380.03,Will the highest temperature in London be between 51-52°F on February 25?,False,,
2025-02-26,F,7,True,159819.43,Will the highest temperature in London be between 47-48°F on February 26?,False,,
2025-02-27,F,7,True,224285.51,Will the highest temperature in London be between 49-50°F on February 27?,False,,
2025-02-28,F,6,True,165424.09,Will the highest temperature in London be between 47-48°F on February 28?,False,,
2025-03-01,F,7,True,244767.18,Will the highest temperature in London be between 47-48°F on March 1?,False,,
2025-03-02,F,7,True,349879.34,Will the highest temperature in London be between 49-50°F on March 2?,False,,
2025-03-03,F,7,True,62042.5,Will the highest temperature in London be between 53-54°F on March 3?,False,,
2025-03-04,F,7,True,246884.73,Will the highest temperature in London be 57°F or higher on March 4?,False,,
2025-03-05,F,7,True,151107.91,Will the highest temperature in London be between 59-60°F on March 5?,False,,
2025-03-06,F,7,True,36436.15,Will the highest temperature in London be between 63-64°F on March 6?,False,,
2025-03-07,F,7,True,77585.63,Will the highest temperature in London be 63°F or higher on March 7?,False,,
2025-03-08,F,7,True,200153.84,Will the highest temperature in London be between 63-64°F on March 8?,False,,
2025-03-09,F,7,True,58675.52,Will the highest temperature in London be between 60-61°F on March 9?,False,,
2025-03-10,F,7,True,69294.17,Will the highest temperature in London be between 54-55°F on March 10?,False,,
2025-03-11,F,7,True,92019.91,Will the highest temperature in London be between 46-47°F on March 11?,False,,
2025-03-12,F,7,True,96168.47,Will the highest temperature in London be between 45-46°F on March 12?,False,,
2025-03-13,F,7,True,81445.81,Will the highest temperature in London be between 44-45°F on March 13?,False,,
2025-03-14,F,7,True,52860.9,Will the highest temperature in London be between 45-46°F on March 14?,False,,
2025-03-15,F,7,True,82724.96,Will the highest temperature in London be between 45-46°F on March 15?,False,,
2025-03-16,F,7,True,47298.06,Will the highest temperature in London be between 48-49°F on March 16?,False,,
2025-03-17,F,7,True,2077324.91,Will the highest temperature in London be between 45-46°F on March 17?,False,,
2025-03-18,F,7,True,133468.13,Will the highest temperature in London be between 49-50°F on March 18?,False,,
2025-03-19,F,7,True,75166.37,Will the highest temperature in London be between 63-64°F on March 19?,False,,
2025-03-20,F,5,True,48242.97,Will the highest temperature in London be between 66-67°F on March 20?,False,,
2025-03-21,F,7,True,132883.88,Will the highest temperature in London be between 60-61°F on March 21?,False,,
2025-03-22,F,7,True,50467.38,Will the highest temperature in London be between 61-62°F on March 22?,False,,
2025-03-23,F,7,True,64136.42,Will the highest temperature in London be between 54-55°F on March 23?,False,,
2025-03-24,F,7,True,83954.92,Will the highest temperature in London be between 55-56°F on March 24?,False,,
2025-03-25,F,7,True,120580.91,Will the highest temperature in London be between 56-57°F on March 25?,False,,
2025-03-26,F,7,True,68370.16,Will the highest temperature in London be between 62-63°F on March 26?,False,,
2025-03-27,F,13,True,92687.79,Will the highest temperature in NYC be between 51-52°F on March 27?,False,,
2025-03-28,F,7,True,57171.97,Will the highest temperature in London be 59°F or higher on March 28?,False,,
2025-03-29,F,7,True,30253.07,Will the highest temperature in London be between 59-60°F on March 29?,False,,
2025-03-30,F,7,True,158409.57,Will the highest temperature in London be between 63-64°F on March 30?,False,,
2025-03-31,F,5,True,77458.68,,False,,
2025-04-01,F,7,True,97623.71,Will the highest temperature in London be 55°F or below on April 1?,False,,
2025-04-02,F,7,True,61948.54,Will the highest temperature in London be between 58-59°F on April 2?,False,,
2025-04-03,F,7,True,41412.09,Will the highest temperature in London be between 62-63°F on April 3?,False,,
2025-04-04,F,5,True,75485.0,,False,,
2025-04-05,F,7,True,199251.05,Will the highest temperature in London be between 61-62°F on April 5?,False,,
2025-04-06,F,6,True,63917.18,Will the highest temperature in London be between 57-58°F on April 6?,False,,
2025-04-07,F,7,True,50842.59,Will the highest temperature in London be between 57-58°F on April 7?,False,,
2025-04-08,F,7,True,53499.89,Will the highest temperature in London be between 59-60°F on April 8?,False,,
2025-04-09,F,7,True,98592.67,Will the highest temperature in London be between 54-55°F on April 9?,False,,
2025-04-10,F,7,True,94186.63,Will the highest temperature in London be between 58-59°F on April 10?,False,,
2025-04-11,F,7,True,106244.22,Will the highest temperature in London be between 72-73°F on April 11?,False,,
2025-04-12,F,7,True,70352.94,Will the highest temperature in London be between 70-71°F on April 12?,False,,
2025-04-13,F,7,True,67989.23,Will the highest temperature in London be between 63-64°F on April 13?,False,,
2025-04-14,F,7,True,64720.21,Will the highest temperature in London be between 60-61°F on April 14?,False,,
2025-04-15,F,7,True,94563.99,Will the highest temperature in London be between 62-63°F on April 15?,False,,
2025-04-16,F,7,True,100823.3,Will the highest temperature in London be between 58-59°F on April 16?,False,,
2025-04-17,F,7,True,73150.88,Will the highest temperature in London be between 60-61°F on April 17?,False,,
2025-04-18,F,7,True,95660.59,Will the highest temperature in London be between 63-64°F on April 18?,False,,
2025-04-19,F,7,True,44821.5,Will the highest temperature in London be between 59-60°F on April 19?,False,,
2025-04-20,F,6,True,16314.09,Will the highest temperature in London be between 54-55°F on April 20?,False,,
2025-04-21,F,7,True,44331.56,Will the highest temperature in London be between 60-61°F on April 21?,False,,
2025-04-22,F,7,True,64036.39,Will the highest temperature in London be between 62-63°F on April 22?,False,,
2025-04-23,F,7,True,73402.36,Will the highest temperature in London be between 53-54°F on April 23?,False,,
2025-04-24,F,7,True,74933.08,Will the highest temperature in London be between 58-59°F on April 24?,False,,
2025-04-25,F,7,True,63825.64,Will the highest temperature in London be between 56-57°F on April 25?,False,,
2025-04-26,F,7,True,52585.48,Will the highest temperature in London be between 62-63°F on April 26?,False,,
2025-04-27,F,7,True,28730.36,Will the highest temperature in London be between 69-70°F on April 27?,False,,
2025-04-28,F,7,True,62631.57,Will the highest temperature in London be between 71-72°F on April 28?,False,,
2025-04-29,F,6,True,77180.66,Will the highest temperature in London be between 69-70°F on April 29?,False,,
2025-04-30,F,7,True,64983.02,Will the highest temperature in London be between 75-76°F on April 30?,False,,
2025-05-01,F,7,True,79227.83,Will the highest temperature in London be between 81-82°F on May 1?,False,,
2025-05-02,F,7,True,55151.31,Will the highest temperature in London be between 74-75°F on May 2?,False,,
2025-05-03,F,7,True,71730.71,Will the highest temperature in London be between 67-68°F on May 3?,False,,
2025-05-04,F,7,True,34234.98,Will the highest temperature in London be between 55-56°F on May 4?,False,,
2025-05-05,F,7,True,97252.72,Will the highest temperature in London be between 55-56°F on May 5?,False,,
2025-05-06,F,7,True,111039.54,Will the highest temperature in London be between 56-57°F on May 6?,False,,
2025-05-07,F,7,True,109723.52,Will the highest temperature in London be between 59-60°F on May 7?,False,,
2025-05-08,F,7,True,114073.58,Will the highest temperature in London be between 59-60°F on May 8?,False,,
2025-05-09,F,7,True,120489.08,Will the highest temperature in London be between 63-64°F on May 9?,False,,
2025-05-10,F,7,True,72713.84,Will the highest temperature in London be between 70-71°F on May 10?,False,,
2025-05-11,F,7,True,104586.0,Will the highest temperature in London be between 72-73°F on May 11?,False,,
2025-05-12,F,7,True,166561.3,Will the highest temperature in London be between 76-77°F on May 12?,False,,
2025-05-13,F,7,True,106329.01,Will the highest temperature in London be between 73-74°F on May 13?,False,,
2025-05-14,F,7,True,95860.31,Will the highest temperature in London be between 69–70°F on May 14?,False,,
2025-05-15,F,6,True,97475.79,Will the highest temperature in London be 58°F or below on May 15?,False,,
2025-05-16,F,7,True,128869.02,Will the highest temperature in London be 64°F or below on May 16?,False,,
2025-05-17,F,7,True,79804.39,Will the highest temperature in London be between 64–65°F on May 17?,False,,
2025-05-18,F,7,True,110961.27,Will the highest temperature in London be between 61–62°F on May 18?,False,,
2025-05-19,F,7,True,129274.35,Will the highest temperature in London be between 68–69°F on May 19?,False,,
2025-05-20,F,6,True,130516.49,Will the highest temperature in London be between 71–72°F on May 20?,False,,
2025-05-21,F,6,True,147833.36,Will the highest temperature in London be between 64–65°F on May 21?,False,,
2025-05-22,F,7,True,162299.67,Will the highest temperature in London be between 57–58°F on May 22?,False,,
2025-05-23,F,7,True,148803.52,Will the highest temperature in London be between 67–68°F on May 23?,False,,
2025-05-24,F,7,True,74239.85,Will the highest temperature in London be between 71–72°F on May 24?,False,,
2025-05-25,F,6,True,84225.01,,False,,
2025-05-26,F,7,True,83331.84,Will the highest temperature in London be between 63–64°F on May 26?,False,,
2025-05-27,F,7,True,112973.41,Will the highest temperature in London be between 62–63°F on May 27?,False,,
2025-05-28,F,6,True,97208.6,,False,,
2025-05-29,F,7,True,67541.33,Will the highest temperature in London be 77°F or higher on May 29?,False,,
2025-05-30,F,6,True,42576.16,Will the highest temperature in London be between 77-78°F on May 30?,False,,
2025-05-31,F,6,True,63445.75,,False,,
2025-06-01,F,7,True,45759.26,Will the highest temperature in London be between 72-73°F on June 1?,False,,
2025-06-02,F,7,True,43401.02,Will the highest temperature in London be between 70-71°F on June 2?,False,,
2025-06-03,F,7,True,103230.12,Will the highest temperature in London be between 62-63°F on June 3?,False,,
2025-06-04,F,7,True,60954.09,Will the highest temperature in London be between 65-66°F on June 4?,False,,
2025-06-05,F,7,True,103704.49,Will the highest temperature in London be between 60-61°F on June 5?,False,,
2025-06-06,F,6,True,40382.95,Will the highest temperature in London be between 67-68°F on June 6?,False,,
2025-06-07,F,7,True,59070.59,Will the highest temperature in London be between 64-65°F on June 7?,False,,
2025-06-08,F,7,True,89345.75,Will the highest temperature in London be between 66-67°F on June 8?,False,,
2025-06-09,F,7,True,87873.43,Will the highest temperature in London be between 69-70°F on June 9?,False,,
2025-06-10,F,7,True,66406.56,Will the highest temperature in London be between 72-73°F on June 10?,False,,
2025-06-11,F,7,True,127562.1,Will the highest temperature in London be between 72-73°F on June 11?,False,,
2025-06-12,F,7,True,85340.45,Will the highest temperature in London be between 79-80°F on June 12?,False,,
2025-06-13,F,7,True,57731.22,Will the highest temperature in London be between 83-84°F on June 13?,False,,
2025-06-14,F,7,True,71340.08,Will the highest temperature in London be between 77-78°F on June 14?,False,,
2025-06-15,F,7,True,39184.69,Will the highest temperature in London be between 74-75°F on June 15?,False,,
2025-06-16,F,7,True,102615.38,Will the highest temperature in London be between 78-79°F on June 16?,False,,
2025-06-17,F,7,True,51553.62,Will the highest temperature in London be between 80-81°F on June 17?,False,,
2025-06-18,F,7,True,91867.43,Will the highest temperature in London be between 82-83°F on June 18?,False,,
2025-06-19,F,7,True,451376.44,Will the highest temperature in London be 88°F or higher on June 19?,False,,
2025-06-20,F,7,True,51367.12,Will the highest temperature in London be between 81-82°F on June 20?,False,,
2025-06-21,F,7,True,65654.06,Will the highest temperature in London be between 89-90°F on June 21?,False,,
2025-06-22,F,7,True,45826.24,Will the highest temperature in London be between 78-79°F on June 22?,False,,
2025-06-23,F,7,True,60642.43,Will the highest temperature in London be between 73-74°F on June 23?,False,,
2025-06-24,F,7,True,62227.8,Will the highest temperature in London be 80°F or higher on June 24?,False,,
2025-06-25,F,7,True,64153.42,Will the highest temperature in London be between 82-83°F on June 25?,False,,
2025-06-26,F,7,True,70339.46,Will the highest temperature in London be between 77-78°F on June 26?,False,,
2025-06-27,F,7,True,47512.74,Will the highest temperature in London be between 80-81°F on June 27?,False,,
2025-06-28,F,7,True,38084.46,Will the highest temperature in London be between 85-86°F on June 28?,False,,
2025-06-29,F,7,True,55605.09,Will the highest temperature in London be between 85-86°F on June 29?,False,,
2025-06-30,F,4,True,42072.36,Will the highest temperature in London be between 89-90°F on June 30?,False,,
2025-07-01,F,7,True,51281.77,Will the highest temperature in London be between 93-94°F on July 1?,False,,
2025-07-02,F,7,True,56207.88,Will the highest temperature in London be between 73-74°F on July 2?,False,,
2025-07-03,F,7,True,57320.75,Will the highest temperature in London be between 77-78°F on July 3?,False,,
2025-07-04,F,7,True,57223.65,Will the highest temperature in London be between 80-81°F on July 4?,False,,
2025-07-05,F,7,True,40089.42,Will the highest temperature in London be between 71-72°F on July 5?,False,,
2025-07-06,F,7,True,27135.51,Will the highest temperature in London be between 71-72°F on July 6?,False,,
2025-07-07,F,7,True,77306.42,Will the highest temperature in London be between 70-71°F on July 7?,False,,
2025-07-08,F,7,True,84369.23,Will the highest temperature in London be between 74-75°F on July 8?,False,,
2025-07-09,F,7,True,65434.11,Will the highest temperature in London be between 79-80°F on July 9?,False,,
2025-07-10,F,7,True,66849.62,Will the highest temperature in London be between 83-84°F on July 10?,False,,
2025-07-11,F,7,True,58074.03,Will the highest temperature in London be between 85-86°F on July 11?,False,,
2025-07-12,F,7,True,49311.35,Will the highest temperature in London be between 80-81°F on July 12?,False,,
2025-07-13,F,7,True,97400.49,Will the highest temperature in London be between 81-82°F on July 13?,False,,
2025-07-14,F,7,True,54444.29,Will the highest temperature in London be between 76-77°F on July 14?,False,,
2025-07-15,F,7,True,59655.83,Will the highest temperature in London be between 71-72°F on July 15?,False,,
2025-07-16,F,7,True,53989.01,Will the highest temperature in London be between 74-75°F on July 16?,False,,
2025-07-17,F,7,True,66463.22,Will the highest temperature in London be between 80-81°F on July 17?,False,,
2025-07-18,F,7,True,47477.87,Will the highest temperature in London be between 83-84°F on July 18?,False,,
2025-07-19,F,7,True,88066.67,Will the highest temperature in London be between 72-73°F on July 19?,False,,
2025-07-20,F,7,True,41011.87,Will the highest temperature in London be between 72-73°F on July 20?,False,,
2025-07-21,F,7,True,48013.93,Will the highest temperature in London be 76°F or higher on July 21?,False,,
2025-07-22,F,7,True,65014.89,Will the highest temperature in London be between 72-73°F on July 22?,False,,
2025-07-23,F,7,True,64776.96,Will the highest temperature in London be between 72-73°F on July 23?,False,,
2025-07-24,F,7,True,78433.08,Will the highest temperature in London be between 67-68°F on July 24?,False,,
2025-07-25,F,7,True,55385.79,Will the highest temperature in London be between 78-79°F on July 25?,False,,
2025-07-26,F,7,True,64638.25,Will the highest temperature in London be between 73-74°F on July 26?,False,,
2025-07-27,F,7,True,63567.31,Will the highest temperature in London be between 70-71°F on July 27?,False,,
2025-07-28,F,7,True,101590.35,Will the highest temperature in London be between 73-74°F on July 28?,False,,
2025-07-29,F,7,True,121664.18,Will the highest temperature in London be between 70-71°F on July 29?,False,,
2025-07-30,F,7,True,79851.56,Will the highest temperature in London be between 76-77°F on July 30?,False,,
2025-07-31,F,7,True,44244.78,Will the highest temperature in London be between 73-74°F on July 31?,False,,
2025-08-01,F,7,True,76356.47,Will the highest temperature in London be between 67-68°F on August 1?,False,,
2025-08-02,F,7,True,63307.56,Will the highest temperature in London be between 71-72°F on August 2?,False,,
2025-08-03,F,7,True,69366.16,Will the highest temperature in London be between 75-76°F on August 3?,False,,
2025-08-04,F,7,True,54756.62,Will the highest temperature in London be between 72-73°F on August 4?,False,,
2025-08-05,F,7,True,78222.26,Will the highest temperature in London be between 72-73°F on August 5?,False,,
2025-08-06,F,7,True,69892.41,Will the highest temperature in London be between 72-73°F on August 6?,False,,
2025-08-07,F,7,True,74817.1,Will the highest temperature in London be between 72-73°F on August 7?,False,,
2025-08-08,F,7,True,104651.76,Will the highest temperature in London be between 77-78°F on August 8?,False,,
2025-08-09,F,7,True,48846.36,Will the highest temperature in London be between 78-79°F on August 9?,False,,
2025-08-10,F,7,True,52309.19,Will the highest temperature in London be between 79-80°F on August 10?,False,,
2025-08-11,F,7,True,58699.12,Will the highest temperature in London be between 81-82°F on August 11?,False,,
2025-08-12,F,7,True,107890.8,Will the highest temperature in London be between 87-88°F on August 12?,False,,
2025-08-13,F,7,True,67291.43,Will the highest temperature in London be between 79-80°F on August 13?,False,,
2025-08-14,F,7,True,64188.54,Will the highest temperature in London be between 82-83°F on August 14?,False,,
2025-08-15,F,7,True,48234.08,Will the highest temperature in London be between 83-84°F on August 15?,False,,
2025-08-16,F,7,True,85560.57,Will the highest temperature in London be between 69-70°F on August 16?,False,,
2025-08-17,F,7,True,53447.76,Will the highest temperature in London be between 75-76°F on August 17?,False,,
2025-08-18,F,7,True,67173.18,Will the highest temperature in London be between 70-71°F on August 18?,False,,
2025-08-19,F,6,True,63912.38,Will the highest temperature in London be between 75-76°F on August 19?,False,,
2025-08-20,F,7,True,98497.16,Will the highest temperature in London be between 67-68°F on August 20?,False,,
2025-08-21,F,7,True,73286.66,Will the highest temperature in London be between 67-68°F on August 21?,False,,
2025-08-22,F,7,True,80849.33,Will the highest temperature in London be between 71-72°F on August 22?,False,,
2025-08-23,F,7,True,83392.95,Will the highest temperature in London be between 71-72°F on August 23?,False,,
2025-08-24,F,7,True,72698.81,Will the highest temperature in London be between 75-76°F on August 24?,False,,
2025-08-25,F,7,True,65452.55,Will the highest temperature in London be between 81-82°F on August 25?,False,,
2025-08-26,F,7,True,171307.47,Will the highest temperature in London be between 77-78°F on August 26?,False,,
2025-08-27,F,7,True,98601.47,Will the highest temperature in London be between 72-73°F on August 27?,False,,
2025-08-28,F,7,True,62151.36,Will the highest temperature in London be between 71-72°F on August 28?,False,,
2025-08-29,F,7,True,124223.23,Will the highest temperature in London be between 72-73°F on August 29?,False,,
2025-08-30,F,7,True,61463.65,Will the highest temperature in London be between 69-70°F on August 30?,False,,
2025-08-31,F,7,True,44783.82,Will the highest temperature in London be between 71-72°F on August 31?,False,,
2025-09-01,F,7,True,45395.65,Will the highest temperature in London be between 68-69°F on September 1?,False,,
2025-09-02,F,7,True,49050.46,Will the highest temperature in London be between 65-66°F on September 2?,False,,
2025-09-03,F,7,True,64433.94,Will the highest temperature in London be between 70-71°F on September 3?,False,,
2025-09-04,F,7,True,88308.87,Will the highest temperature in London be between 68-69°F on September 4?,False,,
2025-09-05,F,7,True,76468.53,Will the highest temperature in London be between 71-72°F on September 5?,False,,
2025-09-06,F,7,True,87181.75,Will the highest temperature in London be between 74-75°F on September 6?,False,,
2025-09-07,F,7,True,56314.12,Will the highest temperature in London be between 78-79°F on September 7?,False,,
2025-09-08,F,6,True,68449.37,Will the highest temperature in London be between 72-73°F on September 8?,False,,
2025-09-09,F,7,True,77662.74,Will the highest temperature in London be between 72-73°F on September 9?,False,,
2025-09-10,F,7,True,89600.02,Will the highest temperature in London be between 66-67°F on September 10?,False,,
2025-09-11,F,7,True,65835.98,Will the highest temperature in London be between 67-68°F on September 11?,False,,
2025-09-12,F,7,True,45671.21,Will the highest temperature in London be between 68-69°F on September 12?,False,,
2025-09-13,F,7,True,41867.91,Will the highest temperature in London be between 64-65°F on September 13?,False,,
2025-09-14,F,7,True,80483.47,Will the highest temperature in London be between 63-64°F on September 14?,False,,
2025-09-15,F,6,True,79288.51,Will the highest temperature in London be between 66-67°F on September 15?,False,,
2025-09-16,F,7,True,65829.44,Will the highest temperature in London be between 66-67°F on September 16?,False,,
2025-09-17,F,7,True,63532.92,Will the highest temperature in London be between 66-67°F on September 17?,False,,
2025-09-18,F,7,True,58340.17,Will the highest temperature in London be between 72-73°F on September 18?,False,,
2025-09-19,F,7,True,86089.41,Will the highest temperature in London be between 81-82°F on September 19?,False,,
2025-09-20,F,7,True,72831.27,Will the highest temperature in London be between 71-72°F on September 20?,False,,
2025-09-21,F,6,True,35454.75,Will the highest temperature in London be between 61-62°F on September 21?,False,,
2025-09-22,F,6,True,45312.0,,False,,
2025-09-23,F,7,True,115986.8,Will the highest temperature in London be between 61-62°F on September 23?,False,,
2025-09-24,F,7,True,72696.46,Will the highest temperature in London be between 63-64°F on September 24?,False,,
2025-09-25,F,7,True,56688.91,Will the highest temperature in London be between 64-65°F on September 25?,False,,
2025-09-26,F,6,True,84085.46,,False,,
2025-09-27,F,7,True,45966.14,Will the highest temperature in London be between 62-63°F on September 27?,False,,
2025-09-28,F,7,True,36222.78,Will the highest temperature in London be between 63-64°F on September 28?,False,,
2025-09-29,F,7,True,53402.59,Will the highest temperature in London be between 65-66°F on September 29?,False,,
2025-09-30,F,7,True,58691.64,Will the highest temperature in London be between 67-68°F on September 30?,False,,
2025-10-01,F,7,True,175611.61,Will the highest temperature in London be between 66-67°F on October 1?,False,,
2025-10-02,F,7,True,51331.52,Will the highest temperature in London be between 66-67°F on October 2?,False,,
2025-10-03,F,7,True,49908.52,Will the highest temperature in London be between 63-64°F on October 3?,False,,
2025-10-04,F,7,True,46553.96,Will the highest temperature in London be 63°F or higher on October 4?,False,,
2025-10-05,F,6,True,42591.62,Will the highest temperature in London be between 62-63°F on October 5?,False,,
2025-10-06,F,7,True,66781.54,Will the highest temperature in London be between 70-71°F on October 6?,False,,
2025-10-07,F,7,True,78893.58,Will the highest temperature in London be between 64-65°F on October 7?,False,,
2025-10-08,F,7,True,67209.24,Will the highest temperature in London be between 63-64°F on October 8?,False,,
2025-10-09,F,7,True,119818.06,Will the highest temperature in London be 59°F or below on October 9?,False,,
2025-10-10,F,7,True,154100.39,Will the highest temperature in London be between 58-59°F on October 10?,False,,
2025-10-11,F,7,True,71467.33,Will the highest temperature in London be between 61-62°F on October 11?,False,,
2025-10-12,F,7,True,72134.67,Will the highest temperature in London be between 60-61°F on October 12?,False,,
2025-10-13,F,7,True,75994.96,Will the highest temperature in London be between 61-62°F on October 13?,False,,
2025-10-14,F,7,True,68933.78,Will the highest temperature in London be between 56-57°F on October 14?,False,,
2025-10-15,F,7,True,91835.35,Will the highest temperature in London be between 57-58°F on October 15?,False,,
2025-10-16,F,7,True,53182.73,Will the highest temperature in London be between 61-62°F on October 16?,False,,
2025-10-17,F,7,True,56390.75,Will the highest temperature in London be between 59-60°F on October 17?,False,,
2025-10-18,F,7,True,71828.02,Will the highest temperature in London be between 60-61°F on October 18?,False,,
2025-10-19,F,7,True,110310.92,Will the highest temperature in London be between 61-62°F on October 19?,False,,
2025-10-20,F,7,True,120427.43,Will the highest temperature in London be between 61-62°F on October 20?,False,,
2025-10-21,F,7,True,96416.62,Will the highest temperature in London be between 61-62°F on October 21?,False,,
2025-10-22,F,7,True,98254.72,Will the highest temperature in London be between 61-62°F on October 22?,False,,
2025-10-23,F,7,True,175533.17,Will the highest temperature in London be between 54-55°F on October 23?,False,,
2025-10-24,F,7,True,88721.31,Will the highest temperature in London be between 54-55°F on October 24?,False,,
2025-10-25,F,7,True,61128.21,Will the highest temperature in London be between 54-55°F on October 25?,False,,
2025-10-26,F,7,True,80281.7,Will the highest temperature in London be between 52-53°F on October 26?,False,,
2025-10-27,F,7,True,101949.87,Will the highest temperature in London be between 57-58°F on October 27?,False,,
2025-10-28,F,7,True,85403.26,Will the highest temperature in London be between 58-59°F on October 28?,False,,
2025-10-29,F,7,True,79257.96,Will the highest temperature in London be between 55-56°F on October 29?,False,,
2025-10-30,F,7,True,161042.3,Will the highest temperature in London be between 57-58°F on October 30?,False,,
2025-10-31,F,7,True,158055.62,Will the highest temperature in London be between 63-64°F on October 31?,False,,
2025-11-01,F,7,True,134563.27,Will the highest temperature in London be between 61-62°F on November 1?,False,,
2025-11-02,F,7,True,84040.56,Will the highest temperature in London be between 55-56°F on November 2?,False,,
2025-11-03,F,7,True,165010.44,Will the highest temperature in London be between 62-63°F on November 3?,False,,
2025-11-04,F,7,True,142490.08,Will the highest temperature in London be between 63-64°F on November 4?,False,,
2025-11-05,F,7,True,229319.27,Will the highest temperature in London be between 62-63°F on November 5?,False,,
2025-11-06,F,7,True,403238.66,Will the highest temperature in London be between 63-64°F on November 6?,False,,
2025-11-07,F,7,True,378781.18,Will the highest temperature in London be between 61-62°F on November 7?,False,,
2025-11-08,F,7,True,347511.33,Will the highest temperature in London be between 59-60°F on November 8?,False,,
2025-11-09,F,7,True,358096.86,Will the highest temperature in London be between 59-60°F on November 9?,False,,
2025-11-10,F,7,True,287534.9,Will the highest temperature in London be between 57-58°F on November 10?,False,,
2025-11-11,F,7,True,430926.2,Will the highest temperature in London be between 58-59°F on November 11?,False,,
2025-11-12,F,7,True,570541.7,Will the highest temperature in London be between 63-64°F on November 12?,False,,
2025-11-13,F,7,True,464638.6,Will the highest temperature in London be between 64-65°F on November 13?,False,,
2025-11-14,F,7,True,569648.1,Will the highest temperature in London be between 56-57°F on November 14?,False,,
2025-11-15,F,7,True,194292.12,Will the highest temperature in London be between 55-56°F on November 15?,False,,
2025-11-16,F,7,True,215209.47,Will the highest temperature in London be between 49-50°F on November 16?,False,,
2025-11-17,F,7,True,263160.74,Will the highest temperature in London be between 46-47°F on November 17?,False,,
2025-11-18,F,7,True,244193.0,Will the highest temperature in London be between 45-46°F on November 18?,False,,
2025-11-19,F,7,True,283370.85,Will the highest temperature in London be between 42-43°F on November 19?,False,,
2025-11-20,F,7,True,277998.26,Will the highest temperature in London be between 39-40°F on November 20?,False,,
2025-11-21,F,7,True,262865.99,Will the highest temperature in London be between 45-46°F on November 21?,False,,
2025-11-22,F,7,True,238433.2,Will the highest temperature in London be between 46-47°F on November 22?,False,,
2025-11-23,F,7,True,204828.61,Will the highest temperature in London be between 51-52°F on November 23?,False,,
2025-11-24,F,7,True,466847.79,Will the highest temperature in London be between 44-45°F on November 24?,False,,
2025-11-25,F,7,True,334962.85,Will the highest temperature in London be between 44-45°F on November 25?,False,,
2025-11-26,F,7,True,354234.9,Will the highest temperature in London be between 48-49°F on November 26?,False,,
2025-11-27,F,7,True,324929.99,Will the highest temperature in London be between 57-58°F on November 27?,False,,
2025-11-28,F,7,True,307877.18,Will the highest temperature in London be between 55-56°F on November 28?,False,,
2025-11-29,F,7,True,272774.73,Will the highest temperature in London be between 54-55°F on November 29?,False,,
2025-11-30,F,7,True,223398.88,Will the highest temperature in London be between 48-49°F on November 30?,False,,
2025-12-01,F,7,True,331463.56,Will the highest temperature in London be between 53-54°F on December 1?,False,,
2025-12-02,F,7,True,417587.49,Will the highest temperature in London be between 52-53°F on December 2?,False,,
2025-12-03,F,7,True,466444.0,Will the highest temperature in London be between 52-53°F on December 3?,False,,
2025-12-04,F,7,True,238250.32,Will the highest temperature in London be between 46-47°F on December 4?,False,,
2025-12-05,F,7,True,394131.89,Will the highest temperature in London be between 50-51°F on December 5?,False,,
2025-12-06,F,7,True,202432.3,Will the highest temperature in London be between 55-56°F on December 6?,False,,
2025-12-07,F,7,True,591236.78,Will the highest temperature in London be between 58-59°F on December 7?,False,,
2025-12-08,F,7,True,385927.82,Will the highest temperature in London be between 58-59°F on December 8?,False,,
2025-12-09,F,7,True,298229.03,Will the highest temperature in London be between 59-60°F on December 9?,False,,
2025-12-10,F,7,True,241539.72,Will the highest temperature in London be between 57-58°F on December 10?,False,,
2025-12-11,C,7,True,201721.11,Will the highest temperature in London be 13°C on December 11?,False,,
2025-12-12,C,7,True,122219.78,Will the highest temperature in London be 13°C on December 12?,False,,
2025-12-13,C,7,True,210328.51,Will the highest temperature in London be 11°C on December 13?,False,,
2025-12-14,C,6,True,141852.04,,False,,
2025-12-15,C,7,True,116663.59,Will the highest temperature in London be 11°C on December 15?,False,,
2025-12-16,C,7,True,90987.93,Will the highest temperature in London be 13°C on December 16?,False,,
2025-12-17,C,7,True,81591.08,Will the highest temperature in London be 11°C or higher on December 17?,False,,
2025-12-18,C,7,True,98329.09,Will the highest temperature in London be 13°C on December 18?,False,,
2025-12-19,C,7,True,214936.94,Will the highest temperature in London be 12°C or higher on December 19?,False,,
2025-12-20,C,7,True,77000.57,Will the highest temperature in London be 10°C on December 20?,False,,
2025-12-21,C,7,True,95132.91,Will the highest temperature in London be 11°C on December 21?,False,,
2025-12-22,C,7,True,112215.53,Will the highest temperature in London be 10°C on December 22?,False,,
2025-12-23,C,7,True,153891.63,Will the highest temperature in London be 9°C on December 23?,False,,
2025-12-24,C,7,True,89748.15,Will the highest temperature in London be 7°C on December 24?,False,,
2025-12-25,C,7,True,138325.28,Will the highest temperature in London be 6°C on December 25?,False,,
2025-12-26,C,7,True,117287.48,Will the highest temperature in London be 6°C on December 26?,False,,
2025-12-27,C,7,True,86779.98,Will the highest temperature in London be 8°C on December 27?,False,,
2025-12-28,C,7,True,98744.59,Will the highest temperature in London be 7°C on December 28?,False,,
2025-12-29,C,7,True,110424.65,Will the highest temperature in London be 7°C on December 29?,False,,
2025-12-30,C,7,True,81542.17,Will the highest temperature in London be 7°C on December 30?,False,,
2025-12-31,C,7,True,202952.21,Will the highest temperature in London be 5°C on December 31?,False,,
2026-01-01,C,7,True,89581.38,Will the highest temperature in London be 6°C on January 1?,False,,
2026-01-02,C,7,True,128395.92,Will the highest temperature in London be 4°C on January 2?,False,,
2026-01-03,C,7,True,92571.31,Will the highest temperature in London be 3°C on January 3?,False,,
2026-01-04,C,7,True,118256.28,Will the highest temperature in London be 3°C on January 4?,False,,
2026-01-05,C,7,True,115555.59,Will the highest temperature in London be 2°C on January 5?,False,,
2026-01-06,C,7,True,137001.66,Will the highest temperature in London be 4°C or higher on January 6?,False,,
2026-01-07,C,7,True,157246.86,Will the highest temperature in London be 6°C on January 7?,False,,
2026-01-08,C,7,True,270570.79,Will the highest temperature in London be 8°C or higher on January 8?,False,,
2026-01-09,C,7,True,84385.32,Will the highest temperature in London be 6°C or higher on January 9?,False,,
2026-01-10,C,7,True,131046.89,Will the highest temperature in London be 3°C on January 10?,False,,
2026-01-11,C,7,True,198349.6,Will the highest temperature in London be 8°C or higher on January 11?,False,,
2026-01-12,C,7,True,204358.56,Will the highest temperature in London be 11°C on January 12?,False,,
2026-01-13,C,7,True,188643.82,Will the highest temperature in London be 11°C on January 13?,False,,
2026-01-14,C,7,True,145689.43,Will the highest temperature in London be 9°C or higher on January 14?,False,,
2026-01-15,C,7,True,280849.05,Will the highest temperature in London be 10°C on January 15?,False,,
2026-01-16,C,7,True,152428.52,Will the highest temperature in London be 10°C on January 16?,False,,
2026-01-17,C,7,True,240061.43,Will the highest temperature in London be 11°C on January 17?,False,,
2026-01-18,C,7,True,119633.28,Will the highest temperature in London be 11°C or higher on January 18?,False,,
2026-01-19,C,7,True,236351.34,Will the highest temperature in London be 11°C on January 19?,False,,
2026-01-20,C,7,True,178515.29,Will the highest temperature in London be 10°C on January 20?,False,,
2026-01-21,C,7,True,331360.72,Will the highest temperature in London be 10°C on January 21?,False,,
2026-01-22,C,7,True,230263.83,Will the highest temperature in London be 9°C on January 22?,False,,
2026-01-23,C,7,True,226095.85,Will the highest temperature in London be 9°C on January 23?,False,,
2026-01-24,C,7,True,258446.91,Will the highest temperature in London be 10°C on January 24?,False,,
2026-01-25,C,7,True,243897.36,Will the highest temperature in London be 8°C on January 25?,False,,
2026-01-26,C,7,True,190488.72,Will the highest temperature in London be 6°C on January 26?,False,,
2026-01-27,C,7,True,273555.68,Will the highest temperature in London be 9°C or higher on January 27?,False,,
2026-01-28,C,7,True,608539.82,Will the highest temperature in London be 10°C on January 28?,False,,
2026-01-29,C,7,True,235976.22,Will the highest temperature in London be 7°C on January 29?,False,,
2026-01-30,C,7,True,283137.44,Will the highest temperature in London be 11°C on January 30?,False,,
2026-01-31,C,7,True,220914.74,Will the highest temperature in London be 11°C or higher on January 31?,False,,
2026-02-01,C,7,True,122290.06,Will the highest temperature in London be 9°C on February 1?,False,,
2026-02-02,C,7,True,256014.13,Will the highest temperature in London be 8°C on February 2?,False,,
2026-02-03,C,7,True,219487.14,Will the highest temperature in London be 7°C on February 3?,False,,
2026-02-04,C,7,True,260162.22,Will the highest temperature in London be 10°C on February 4?,False,,
2026-02-05,C,7,True,230811.39,Will the highest temperature in London be 8°C on February 5?,False,,
2026-02-06,C,7,True,302716.43,Will the highest temperature in London be 12°C on February 6?,False,,
2026-02-07,C,7,True,189707.6,Will the highest temperature in London be 11°C on February 7?,False,,
2026-02-08,C,7,True,350667.53,Will the highest temperature in London be 11°C on February 8?,False,,
2026-02-09,C,7,True,299493.4,Will the highest temperature in London be 9°C on February 9?,False,,
2026-02-10,C,7,True,308285.96,Will the highest temperature in London be 12°C on February 10?,False,,
2026-02-11,C,7,True,361394.62,Will the highest temperature in London be 12°C on February 11?,False,,
2026-02-12,C,7,True,486756.68,Will the highest temperature in London be 11°C on February 12?,False,,
2026-02-13,C,7,True,280193.04,Will the highest temperature in London be 8°C on February 13?,False,,
2026-02-14,C,9,True,293251.33,Will the highest temperature in London be 6°C on February 14?,False,,
2026-02-15,C,9,True,588862.2,Will the highest temperature in London be 9°C on February 15?,False,,
2026-02-16,C,9,True,279304.54,Will the highest temperature in London be 10°C on February 16?,False,,
2026-02-17,C,9,True,187283.72,Will the highest temperature in London be 7°C on February 17?,False,,
2026-02-18,C,9,True,287269.87,Will the highest temperature in London be 6°C on February 18?,False,,
2026-02-19,C,9,True,237774.32,Will the highest temperature in London be 7°C on February 19?,False,,
2026-02-20,C,9,True,302405.41,Will the highest temperature in London be 12°C on February 20?,False,,
2026-02-21,C,9,True,273263.3,Will the highest temperature in London be 14°C on February 21?,False,,
2026-02-22,C,9,True,232744.93,Will the highest temperature in London be 14°C on February 22?,False,,
2026-02-23,C,9,True,276085.79,Will the highest temperature in London be 13°C on February 23?,False,,
2026-02-24,C,9,True,512016.45,Will the highest temperature in London be 16°C on February 24?,False,,
2026-02-25,C,9,True,398201.13,Will the highest temperature in London be 19°C on February 25?,False,,
2026-02-26,C,9,True,236907.37,Will the highest temperature in London be 13°C on February 26?,False,,
2026-02-27,C,9,True,202172.8,Will the highest temperature in London be 13°C on February 27?,False,,
2026-02-28,C,9,True,294255.58,Will the highest temperature in London be 11°C on February 28?,False,,
2026-03-01,C,9,True,217908.69,Will the highest temperature in London be 13°C on March 1?,False,,
2026-03-02,C,9,True,408866.42,Will the highest temperature in London be 16°C on March 2?,False,,
2026-03-03,C,9,True,386210.55,Will the highest temperature in London be 14°C on March 3?,False,,
2026-03-04,C,9,True,99602.35,Will the highest temperature in London be 12°C or below on March 4?,False,,
2026-03-05,C,9,True,0,Will the highest temperature in London be 18°C on March 5?,False,,
2026-03-06,C,9,True,41931.48,Will the highest temperature in London be 13°C or below on March 6?,False,,
2026-03-07,C,9,True,0,Will the highest temperature in London be 9°C on March 7?,False,,
2026-03-08,C,9,True,0,Will the highest temperature in London be 11°C or below on March 8?,False,,
2026-03-09,C,9,True,94550.18,Will the highest temperature in London be 15°C on March 9?,False,,
2026-03-10,C,9,True,6179.1,Will the highest temperature in London be 14°C on March 10?,False,,
2026-03-11,C,9,True,0,Will the highest temperature in London be 13°C on March 11?,False,,
2026-03-12,C,9,True,0,Will the highest temperature in London be 12°C on March 12?,False,,
2026-03-13,C,9,True,0,Will the highest temperature in London be 12°C or higher on March 13?,False,,
2026-03-14,C,9,True,27879.61,Will the highest temperature in London be 11°C on March 14?,False,,
2026-03-15,C,9,True,10597.99,Will the highest temperature in London be 13°C on March 15?,False,,
2026-03-16,C,11,True,17361.65,Will the highest temperature in London be 12°C on March 16?,False,,
2026-03-17,C,11,True,30917.86,Will the highest temperature in London be 15°C on March 17?,False,,
2026-03-18,C,11,True,0,Will the highest temperature in London be 18°C on March 18?,False,,
2026-03-19,C,11,True,0,Will the highest temperature in London be 16°C on March 19?,False,,
2026-03-20,C,11,True,0,Will the highest temperature in London be 14°C on March 20?,False,,
2026-03-21,C,11,True,24352.79,Will the highest temperature in London be 13°C on March 21?,False,,
2026-03-22,C,11,True,0,Will the highest temperature in London be 13°C on March 22?,False,,
2026-03-23,C,11,True,0,Will the highest temperature in London be 15°C on March 23?,False,,
2026-03-24,C,11,True,0,Will the highest temperature in London be 13°C on March 24?,False,,
2026-03-25,C,11,True,0,Will the highest temperature in London be 9°C on March 25?,False,,
2026-03-26,C,11,True,168032.42,Will the highest temperature in London be 10°C on March 26?,False,,
2026-03-27,C,11,True,328187.37,Will the highest temperature in London be 12°C on March 27?,False,,
2026-03-28,C,11,True,308005.09,Will the highest temperature in London be 11°C on March 28?,False,,
2026-03-29,C,11,True,499085.66,Will the highest temperature in London be 11°C on March 29?,False,,
2026-03-30,C,11,True,297148.07,Will the highest temperature in London be 12°C on March 30?,False,,
2026-04-01,C,11,True,305546.05,Will the highest temperature in London be 14°C on April 1?,False,,
2026-04-02,C,11,True,510656.57,Will the highest temperature in London be 12°C on April 2?,False,,
2026-04-03,C,11,True,391440.82,Will the highest temperature in London be 16°C on April 3?,False,,
2026-04-04,C,11,True,267462.31,Will the highest temperature in London be 15°C on April 4?,False,,
2026-04-05,C,11,True,389972.95,Will the highest temperature in London be 14°C on April 5?,False,,
2026-04-06,C,11,True,366820.4,Will the highest temperature in London be 16°C on April 6?,False,,
2026-04-07,C,11,True,689274.88,Will the highest temperature in London be 18°C on April 7?,False,,
2026-04-08,C,11,True,450911.78,Will the highest temperature in London be 24°C or higher on April 8?,False,,
2026-04-09,C,11,True,513006.03,Will the highest temperature in London be 22°C on April 9?,False,,
2026-04-10,C,11,True,292186.78,Will the highest temperature in London be 16°C or below on April 10?,False,,
2026-04-11,C,11,True,272991.95,Will the highest temperature in London be 14°C on April 11?,False,,
2026-04-12,C,11,True,303572.03,Will the highest temperature in London be 15°C on April 12?,False,,
2026-04-13,C,11,True,392004.22,Will the highest temperature in London be 13°C on April 13?,False,,
2026-04-14,C,11,True,484844.92,Will the highest temperature in London be 17°C on April 14?,False,,
2026-04-15,C,11,True,429295.14,Will the highest temperature in London be 17°C on April 15?,False,,
2026-04-16,C,11,True,210069.95,Will the highest temperature in London be 18°C on April 16?,False,,
2026-04-17,C,11,True,213262.55,Will the highest temperature in London be 18°C on April 17?,False,,
2026-04-18,C,11,True,230570.56,Will the highest temperature in London be 16°C on April 18?,False,,
2026-04-19,C,11,True,260699.03,Will the highest temperature in London be 15°C on April 19?,False,,
2026-04-20,C,11,True,219473.98,Will the highest temperature in London be 13°C on April 20?,False,,
2026-04-21,C,11,True,275955.42,Will the highest temperature in London be 14°C on April 21?,False,,
2026-04-22,C,11,True,310111.27,Will the highest temperature in London be 15°C on April 22?,False,,
2026-04-23,C,11,True,416830.24,Will the highest temperature in London be 18°C on April 23?,False,,
2026-04-24,C,11,True,311391.71,Will the highest temperature in London be 18°C on April 24?,False,,
2026-04-25,C,11,True,295176.02,Will the highest temperature in London be 21°C on April 25?,False,,
2026-04-26,C,11,True,252844.84,Will the highest temperature in London be 17°C on April 26?,False,,
2026-04-27,C,11,True,294925.45,Will the highest temperature in London be 21°C on April 27?,False,,
2026-04-28,C,11,True,165685.41,Will the highest temperature in London be 16°C on April 28?,False,,
2026-04-29,C,11,True,338140.36,Will the highest temperature in London be 16°C on April 29?,False,,
2026-04-30,C,11,True,446558.8,Will the highest temperature in London be 19°C on April 30?,False,,
2026-05-01,C,11,True,297651.75,Will the highest temperature in London be 24°C on May 1?,False,,
2026-05-02,C,11,True,226869.31,Will the highest temperature in London be 23°C on May 2?,False,,
2026-05-03,C,11,True,204129.46,Will the highest temperature in London be 20°C on May 3?,False,,
2026-05-04,C,11,True,347218.36,Will the highest temperature in London be 15°C on May 4?,False,,
2026-05-05,C,11,True,272393.6,Will the highest temperature in London be 16°C on May 5?,False,,
2026-05-06,C,11,True,299401.78,Will the highest temperature in London be 13°C on May 6?,False,,
2026-05-07,C,11,True,269858.77,Will the highest temperature in London be 14°C on May 7?,False,,
2026-05-08,C,11,True,286946.62,Will the highest temperature in London be 18°C on May 8?,False,,
2026-05-09,C,11,True,174241.44,Will the highest temperature in London be 20°C on May 9?,False,,
2026-05-10,C,11,True,394285.96,Will the highest temperature in London be 13°C on May 10?,False,,
2026-05-11,C,11,True,301244.9,Will the highest temperature in London be 12°C on May 11?,False,,
2026-05-12,C,11,True,288617.17,Will the highest temperature in London be 17°C on May 12?,False,,
2026-05-13,C,11,True,245133.8,Will the highest temperature in London be 13°C on May 13?,False,,
2026-05-14,C,11,True,335547.1,Will the highest temperature in London be 12°C on May 14?,False,,
2026-05-15,C,11,True,262940.71,Will the highest temperature in London be 14°C on May 15?,False,,
2026-05-16,C,11,True,185205.89,Will the highest temperature in London be 15°C on May 16?,False,,
2026-05-17,C,11,True,173388.33,Will the highest temperature in London be 18°C on May 17?,False,,
2026-05-18,C,11,True,49898.93,Will the highest temperature in London be 16°C on May 18?,False,,
2026-05-19,C,11,True,15493.87,Will the highest temperature in London be 18°C on May 19?,False,,
2026-05-20,C,11,True,147464.89,Will the highest temperature in London be 20°C on May 20?,False,,
2026-05-21,C,11,True,152756.79,Will the highest temperature in London be 24°C on May 21?,False,,
2026-05-22,C,11,True,227348.37,Will the highest temperature in London be 28°C on May 22?,False,,
2026-05-23,C,11,True,294821.42,Will the highest temperature in London be 30°C on May 23?,False,,
2026-05-24,C,11,True,319820.85,Will the highest temperature in London be 30°C on May 24?,False,,
2026-05-25,C,11,True,351025.96,Will the highest temperature in London be 31°C on May 25?,False,,
2026-05-26,C,11,True,358672.2,Will the highest temperature in London be 34°C on May 26?,False,,
2026-05-27,C,11,True,569412.66,Will the highest temperature in London be 24°C on May 27?,False,,
2026-05-28,C,11,True,276667.93,Will the highest temperature in London be 31°C or higher on May 28?,False,,
2026-05-29,C,11,True,420131.44,Will the highest temperature in London be 26°C on May 29?,False,,
2026-05-30,C,11,True,246165.53,Will the highest temperature in London be 27°C on May 30?,False,,
2026-05-31,C,11,True,240299.96,Will the highest temperature in London be 24°C on May 31?,False,,
2026-06-01,C,11,True,295762.75,Will the highest temperature in London be 23°C on June 1?,False,,
2026-06-02,C,11,True,311902.44,Will the highest temperature in London be 19°C on June 2?,False,,
2026-06-03,C,11,True,207129.05,Will the highest temperature in London be 19°C on June 3?,False,,
2026-06-04,C,11,True,304874.72,Will the highest temperature in London be 19°C on June 4?,False,,
2026-06-05,C,11,True,200194.96,Will the highest temperature in London be 19°C on June 5?,False,,
2026-06-06,C,11,True,215458.98,Will the highest temperature in London be 17°C on June 6?,False,,
2026-06-07,C,11,True,149673.09,Will the highest temperature in London be 19°C on June 7?,False,,
2026-06-08,C,11,True,291306.13,Will the highest temperature in London be 16°C on June 8?,False,,
2026-06-09,C,11,True,218469.98,Will the highest temperature in London be 19°C on June 9?,False,,
2026-06-10,C,11,True,245527.21,Will the highest temperature in London be 17°C on June 10?,False,,
2026-06-11,C,11,True,238673.5,Will the highest temperature in London be 17°C on June 11?,False,,
2026-06-12,C,11,True,182845.94,Will the highest temperature in London be 23°C on June 12?,False,,
2026-06-13,C,11,True,198085.82,Will the highest temperature in London be 22°C on June 13?,False,,
2026-06-14,C,11,True,178055.64,Will the highest temperature in London be 21°C on June 14?,False,,
2026-06-15,C,11,True,165775.8,Will the highest temperature in London be 21°C on June 15?,False,,
2026-06-16,C,11,True,182310.22,Will the highest temperature in London be 27°C on June 16?,False,,
2026-06-17,C,11,True,252109.56,Will the highest temperature in London be 26°C on June 17?,False,,
2026-06-18,C,11,True,199550.18,Will the highest temperature in London be 26°C on June 18?,False,,
2026-06-19,C,11,True,199938.59,Will the highest temperature in London be 30°C on June 19?,False,,
2026-06-20,C,11,True,149566.11,Will the highest temperature in London be 26°C on June 20?,False,,
2026-06-21,C,11,True,188064.38,Will the highest temperature in London be 28°C on June 21?,False,,
2026-06-22,C,11,True,250099.43,Will the highest temperature in London be 27°C on June 22?,False,,
2026-06-23,C,11,True,291597.05,Will the highest temperature in London be 32°C or below on June 23?,False,,
2026-06-24,C,11,True,276289.98,Will the highest temperature in London be 35°C or below on June 24?,False,,
2026-06-25,C,11,True,380834.11,Will the highest temperature in London be 29°C on June 25?,False,,
2026-06-26,C,11,True,308852.12,Will the highest temperature in London be 36°C on June 26?,False,,
2026-06-27,C,11,True,259504.81,Will the highest temperature in London be 31°C on June 27?,False,,
2026-06-28,C,11,True,188381.58,Will the highest temperature in London be 26°C on June 28?,False,,
2026-06-29,C,11,True,153097.54,Will the highest temperature in London be 25°C on June 29?,False,,
2026-06-30,C,11,True,204607.35,Will the highest temperature in London be 24°C on June 30?,False,,
2026-07-01,C,11,True,138501.41,Will the highest temperature in London be 26°C on July 1?,False,,
2026-07-02,C,11,True,151192.96,Will the highest temperature in London be 25°C on July 2?,False,,
2026-07-03,C,11,True,169816.48,Will the highest temperature in London be 27°C on July 3?,False,,
2026-07-04,C,11,True,193599.61,Will the highest temperature in London be 29°C on July 4?,False,,
2026-07-05,C,11,True,171803.29,Will the highest temperature in London be 28°C on July 5?,False,,
2026-07-06,C,11,True,171457.58,Will the highest temperature in London be 32°C on July 6?,False,,
2026-07-07,C,11,True,183882.93,Will the highest temperature in London be 32°C on July 7?,False,,
2026-07-08,C,11,True,183531.71,Will the highest temperature in London be 33°C on July 8?,False,,
2026-07-09,C,11,True,161172.01,Will the highest temperature in London be 34°C on July 9?,False,,
2026-07-10,C,11,True,204948.0,Will the highest temperature in London be 29°C on July 10?,False,,
2026-07-11,C,11,True,175612.77,Will the highest temperature in London be 27°C on July 11?,False,,
2026-07-12,C,11,True,133902.7,Will the highest temperature in London be 28°C on July 12?,False,,
2026-07-13,C,11,True,199445.39,Will the highest temperature in London be 26°C on July 13?,False,,
2026-07-14,C,11,True,241598.27,Will the highest temperature in London be 29°C on July 14?,False,,
2026-07-15,C,11,True,176102.27,Will the highest temperature in London be 28°C on July 15?,False,,
2026-07-16,C,11,True,155489.79,Will the highest temperature in London be 27°C on July 16?,False,,
2026-07-17,C,11,True,160182.61,Will the highest temperature in London be 27°C on July 17?,False,,
2026-07-18,C,11,True,218329.88,Will the highest temperature in London be 21°C on July 18?,False,,
2026-07-19,C,11,True,123434.11,Will the highest temperature in London be 21°C on July 19?,False,,
2026-07-20,C,11,True,145158.95,Will the highest temperature in London be 25°C on July 20?,False,,
2026-07-21,C,11,True,277101.54,Will the highest temperature in London be 22°C on July 21?,False,,
2026-07-22,C,11,True,292823.8,Will the highest temperature in London be 25°C on July 22?,False,,
2026-07-23,C,11,True,283249.13,Will the highest temperature in London be 26°C on July 23?,False,,
2026-07-24,C,11,True,159541.92,Will the highest temperature in London be 28°C on July 24?,False,,
2026-07-25,C,11,True,87078.37,Will the highest temperature in London be 29°C on July 25?,False,,
2026-07-26,C,11,True,130810.76,Will the highest temperature in London be 27°C on July 26?,False,,
2026-07-27,C,11,True,154590.3,Will the highest temperature in London be 27°C on July 27?,False,,
2026-07-28,C,11,True,121128.58,Will the highest temperature in London be 29°C on July 28?,False,,
2026-07-29,C,11,True,184838.13,Will the highest temperature in London be 34°C on July 29?,False,,
2026-07-30,C,11,True,151315.68,Will the highest temperature in London be 28°C on July 30?,False,,
2026-07-31,C,11,True,140587.72,Will the highest temperature in London be 25°C on July 31?,False,,
2026-08-01,C,11,True,120677.04,Will the highest temperature in London be 26°C on August 1?,False,,
2026-08-02,C,11,True,138025.48,Will the highest temperature in London be 27°C on August 2?,False,,
2026-08-03,C,11,True,201758.79,Will the highest temperature in London be 29°C on August 3?,False,,
2026-08-04,C,11,True,173331.25,Will the highest temperature in London be 30°C on August 4?,False,,
2026-08-05,C,11,True,158236.37,Will the highest temperature in London be 26°C on August 5?,False,,
2026-08-06,C,11,True,180315.97,Will the highest temperature in London be 23°C on August 6?,False,,
2026-08-07,C,11,True,170246.1,Will the highest temperature in London be 26°C on August 7?,False,,
2026-08-08,C,11,True,77835.49,Will the highest temperature in London be 28°C on August 8?,False,,
2026-08-09,C,11,True,97191.31,Will the highest temperature in London be 31°C on August 9?,False,,
2026-08-10,C,11,True,148487.05,Will the highest temperature in London be 26°C on August 10?,False,,
2026-08-11,C,11,True,171072.02,Will the highest temperature in London be 24°C on August 11?,False,,
2026-08-12,C,11,True,161164.78,Will the highest temperature in London be 30°C on August 12?,False,,
2026-08-13,C,11,True,217108.21,Will the highest temperature in London be 34°C on August 13?,False,,
2026-08-14,C,11,True,138925.77,Will the highest temperature in London be 34°C on August 14?,False,,
2026-08-15,C,11,True,176923.64,Will the highest temperature in London be 26°C on August 15?,False,,
2026-08-16,C,11,True,119954.17,Will the highest temperature in London be 26°C on August 16?,False,,
2026-08-17,C,11,True,139264.12,Will the highest temperature in London be 27°C on August 17?,False,,
2026-08-18,C,11,True,162574.93,Will the highest temperature in London be 26°C on August 18?,False,,
2026-08-19,C,11,True,158471.9,Will the highest temperature in London be 25°C on August 19?,False,,
2026-08-20,C,11,False,208949.16,,False,,
2026-08-21,C,11,False,26992.0,,False,,
2026-08-22,C,11,False,7907.32,,True,648,174
