date,max_c,min_c,n_obs
2025-01-22,5.0,1.0,48
2025-01-23,8.0,0.0,48
2025-01-24,11.0,6.0,48
2025-01-25,8.0,1.0,48
2025-01-26,10.0,0.0,48
2025-01-27,10.0,6.0,48
2025-01-28,10.0,6.0,49
2025-01-29,8.0,4.0,48
2025-01-30,8.0,2.0,48
2025-01-31,9.0,3.0,48
2025-02-01,6.0,0.0,48
2025-02-02,8.0,-2.0,48
2025-02-03,8.0,-1.0,48
2025-02-04,10.0,5.0,48
2025-02-05,9.0,2.0,48
2025-02-06,8.0,0.0,48
2025-02-07,4.0,3.0,48
2025-02-08,6.0,3.0,48
2025-02-09,6.0,1.0,48
2025-02-10,4.0,2.0,48
2025-02-11,5.0,3.0,48
2025-02-12,6.0,4.0,48
2025-02-13,4.0,3.0,48
2025-02-14,6.0,1.0,48
2025-02-15,6.0,2.0,48
2025-02-16,5.0,1.0,48
2025-02-17,6.0,-1.0,48
2025-02-18,8.0,0.0,48
2025-02-19,9.0,0.0,48
2025-02-20,13.0,8.0,48
2025-02-21,15.0,11.0,48
2025-02-22,14.0,7.0,48
2025-02-23,11.0,7.0,48
2025-02-24,14.0,8.0,48
2025-02-25,11.0,4.0,48
2025-02-26,9.0,3.0,48
2025-02-27,10.0,3.0,48
2025-02-28,10.0,0.0,48
2025-03-01,10.0,0.0,48
2025-03-02,10.0,-1.0,48
2025-03-03,12.0,-2.0,48
2025-03-04,13.0,-1.0,48
2025-03-05,14.0,0.0,48
2025-03-06,17.0,2.0,48
2025-03-07,16.0,8.0,48
2025-03-08,17.0,7.0,48
2025-03-09,17.0,6.0,48
2025-03-10,13.0,7.0,48
2025-03-11,8.0,5.0,48
2025-03-12,8.0,3.0,48
2025-03-13,8.0,2.0,48
2025-03-14,8.0,-1.0,48
2025-03-15,8.0,1.0,48
2025-03-16,9.0,-1.0,48
2025-03-17,8.0,4.0,48
2025-03-18,11.0,2.0,48
2025-03-19,17.0,1.0,48
2025-03-20,20.0,7.0,48
2025-03-21,18.0,10.0,48
2025-03-22,17.0,10.0,48
2025-03-23,13.0,8.0,48
2025-03-24,13.0,7.0,48
2025-03-25,15.0,5.0,48
2025-03-26,17.0,8.0,48
2025-03-27,13.0,5.0,48
2025-03-28,14.0,6.0,48
2025-03-29,14.0,3.0,48
2025-03-30,17.0,9.0,46
2025-03-31,16.0,5.0,48
2025-04-01,14.0,5.0,48
2025-04-02,16.0,7.0,48
2025-04-03,18.0,9.0,48
2025-04-04,21.0,10.0,48
2025-04-05,18.0,6.0,48
2025-04-06,15.0,5.0,48
2025-04-07,15.0,4.0,48
2025-04-08,16.0,4.0,48
2025-04-09,14.0,4.0,48
2025-04-10,16.0,5.0,48
2025-04-11,22.0,5.0,48
2025-04-12,22.0,7.0,48
2025-04-13,15.0,9.0,48
2025-04-14,15.0,5.0,48
2025-04-15,16.0,10.0,48
2025-04-16,15.0,8.0,48
2025-04-17,17.0,4.0,48
2025-04-18,16.0,8.0,48
2025-04-19,16.0,8.0,48
2025-04-20,14.0,6.0,48
2025-04-21,15.0,9.0,48
2025-04-22,17.0,6.0,48
2025-04-23,12.0,8.0,48
2025-04-24,15.0,8.0,48
2025-04-25,16.0,6.0,48
2025-04-26,18.0,8.0,48
2025-04-27,21.0,6.0,48
2025-04-28,23.0,10.0,48
2025-04-29,23.0,9.0,48
2025-04-30,25.0,9.0,48
2025-05-01,28.0,11.0,48
2025-05-02,24.0,14.0,48
2025-05-03,20.0,10.0,48
2025-05-04,14.0,7.0,48
2025-05-05,14.0,5.0,48
2025-05-06,15.0,5.0,48
2025-05-07,16.0,6.0,48
2025-05-08,16.0,9.0,48
2025-05-09,18.0,6.0,48
2025-05-10,22.0,8.0,48
2025-05-11,25.0,10.0,48
2025-05-12,22.0,15.0,48
2025-05-13,24.0,13.0,48
2025-05-14,23.0,9.0,48
2025-05-15,14.0,9.0,48
2025-05-16,18.0,8.0,48
2025-05-17,19.0,10.0,48
2025-05-18,17.0,10.0,48
2025-05-19,20.0,11.0,48
2025-05-20,21.0,8.0,48
2025-05-21,18.0,11.0,48
2025-05-22,15.0,8.0,48
2025-05-23,20.0,7.0,48
2025-05-24,20.0,13.0,48
2025-05-25,20.0,13.0,48
2025-05-26,19.0,12.0,48
2025-05-27,17.0,13.0,48
2025-05-28,21.0,15.0,48
2025-05-29,24.0,13.0,48
2025-05-30,24.0,15.0,48
2025-05-31,25.0,16.0,48
2025-06-01,21.0,13.0,48
2025-06-02,21.0,12.0,48
2025-06-03,19.0,11.0,48
2025-06-04,19.0,11.0,48
2025-06-05,16.0,12.0,48
2025-06-06,20.0,11.0,48
2025-06-07,17.0,11.0,48
2025-06-08,18.0,8.0,48
2025-06-09,20.0,12.0,48
2025-06-10,23.0,14.0,48
2025-06-11,24.0,13.0,48
2025-06-12,24.0,14.0,48
2025-06-13,28.0,16.0,48
2025-06-14,23.0,15.0,48
2025-06-15,24.0,12.0,48
2025-06-16,25.0,13.0,48
2025-06-17,26.0,12.0,48
2025-06-18,28.0,14.0,48
2025-06-19,31.0,18.0,48
2025-06-20,29.0,18.0,48
2025-06-21,31.0,17.0,48
2025-06-22,25.0,16.0,48
2025-06-23,22.0,16.0,48
2025-06-24,26.0,14.0,48
2025-06-25,26.0,16.0,48
2025-06-26,24.0,17.0,48
2025-06-27,26.0,13.0,48
2025-06-28,30.0,19.0,48
2025-06-29,29.0,19.0,48
2025-06-30,32.0,18.0,48
2025-07-01,32.0,22.0,48
2025-07-02,24.0,17.0,48
2025-07-03,24.0,13.0,48
2025-07-04,27.0,13.0,48
2025-07-05,23.0,17.0,48
2025-07-06,22.0,17.0,48
2025-07-07,22.0,13.0,48
2025-07-08,24.0,12.0,48
2025-07-09,27.0,14.0,48
2025-07-10,30.0,17.0,48
2025-07-11,31.0,18.0,48
2025-07-12,30.0,18.0,48
2025-07-13,27.0,16.0,48
2025-07-14,24.0,17.0,48
2025-07-15,22.0,14.0,48
2025-07-16,25.0,15.0,48
2025-07-17,26.0,19.0,48
2025-07-18,29.0,18.0,48
2025-07-19,23.0,17.0,48
2025-07-20,22.0,17.0,48
2025-07-21,25.0,14.0,48
2025-07-22,23.0,16.0,48
2025-07-23,22.0,16.0,48
2025-07-24,20.0,15.0,48
2025-07-25,26.0,16.0,48
2025-07-26,24.0,16.0,48
2025-07-27,22.0,16.0,48
2025-07-28,24.0,14.0,48
2025-07-29,19.0,15.0,48
2025-07-30,25.0,17.0,48
2025-07-31,22.0,16.0,48
2025-08-01,21.0,13.0,48
2025-08-02,22.0,11.0,48
2025-08-03,24.0,14.0,48
2025-08-04,22.0,17.0,48
2025-08-05,22.0,13.0,48
2025-08-06,23.0,11.0,48
2025-08-07,23.0,15.0,48
2025-08-08,25.0,15.0,48
2025-08-09,26.0,14.0,48
2025-08-10,27.0,13.0,48
2025-08-11,30.0,14.0,48
2025-08-12,32.0,18.0,48
2025-08-13,26.0,17.0,48
2025-08-14,28.0,16.0,48
2025-08-15,30.0,17.0,48
2025-08-16,21.0,16.0,48
2025-08-17,26.0,13.0,48
2025-08-18,22.0,17.0,48
2025-08-19,25.0,16.0,48
2025-08-20,21.0,15.0,48
2025-08-21,20.0,14.0,48
2025-08-22,23.0,11.0,48
2025-08-23,22.0,16.0,48
2025-08-24,24.0,13.0,48
2025-08-25,27.0,13.0,48
2025-08-26,25.0,16.0,48
2025-08-27,21.0,14.0,48
2025-08-28,21.0,13.0,48
2025-08-29,20.0,14.0,48
2025-08-30,21.0,11.0,48
2025-08-31,21.0,13.0,48
2025-09-01,20.0,13.0,48
2025-09-02,18.0,12.0,48
2025-09-03,22.0,15.0,48
2025-09-04,20.0,14.0,48
2025-09-05,22.0,11.0,48
2025-09-06,23.0,12.0,48
2025-09-07,25.0,15.0,48
2025-09-08,21.0,13.0,48
2025-09-09,21.0,10.0,48
2025-09-10,18.0,13.0,48
2025-09-11,19.0,12.0,48
2025-09-12,19.0,11.0,48
2025-09-13,18.0,11.0,48
2025-09-14,18.0,8.0,48
2025-09-15,19.0,14.0,48
2025-09-16,19.0,12.0,48
2025-09-17,19.0,13.0,48
2025-09-18,21.0,16.0,48
2025-09-19,27.0,15.0,48
2025-09-20,20.0,13.0,48
2025-09-21,16.0,10.0,48
2025-09-22,17.0,7.0,48
2025-09-23,18.0,6.0,47
2025-09-24,18.0,9.0,46
2025-09-25,19.0,9.0,48
2025-09-26,15.0,9.0,48
2025-09-27,18.0,10.0,48
2025-09-28,16.0,9.0,48
2025-09-29,18.0,6.0,48
2025-09-30,20.0,9.0,48
2025-10-01,18.0,9.0,48
2025-10-02,19.0,10.0,48
2025-10-03,18.0,14.0,48
2025-10-04,18.0,11.0,48
2025-10-05,17.0,10.0,48
2025-10-06,21.0,9.0,48
2025-10-07,18.0,12.0,48
2025-10-08,17.0,12.0,47
2025-10-09,15.0,9.0,48
2025-10-10,16.0,13.0,48
2025-10-11,16.0,8.0,48
2025-10-12,15.0,6.0,48
2025-10-13,16.0,13.0,48
2025-10-14,14.0,11.0,48
2025-10-15,13.0,10.0,48
2025-10-16,15.0,10.0,48
2025-10-17,15.0,12.0,48
2025-10-18,15.0,11.0,48
2025-10-19,15.0,11.0,48
2025-10-20,15.0,12.0,48
2025-10-21,16.0,11.0,48
2025-10-22,16.0,9.0,48
2025-10-23,13.0,7.0,48
2025-10-24,13.0,6.0,48
2025-10-25,12.0,7.0,48
2025-10-26,12.0,4.0,50
2025-10-27,14.0,10.0,48
2025-10-28,15.0,12.0,48
2025-10-29,13.0,7.0,48
2025-10-30,14.0,5.0,48
2025-10-31,16.0,13.0,48
2025-11-01,16.0,8.0,48
2025-11-02,13.0,6.0,48
2025-11-03,16.0,7.0,48
2025-11-04,16.0,13.0,48
2025-11-05,18.0,14.0,48
2025-11-06,17.0,12.0,48
2025-11-07,15.0,11.0,48
2025-11-08,15.0,8.0,48
2025-11-09,14.0,5.0,48
2025-11-10,14.0,9.0,48
2025-11-11,15.0,7.0,48
2025-11-12,16.0,12.0,48
2025-11-13,17.0,13.0,48
2025-11-14,14.0,13.0,48
2025-11-15,14.0,10.0,48
2025-11-16,10.0,7.0,48
2025-11-17,9.0,2.0,48
2025-11-18,7.0,0.0,48
2025-11-19,6.0,1.0,48
2025-11-20,5.0,-2.0,48
2025-11-21,7.0,0.0,48
2025-11-22,8.0,0.0,48
2025-11-23,11.0,5.0,48
2025-11-24,8.0,5.0,48
2025-11-25,7.0,3.0,48
2025-11-26,9.0,-1.0,48
2025-11-27,14.0,9.0,48
2025-11-28,13.0,9.0,48
2025-11-29,11.0,5.0,48
2025-11-30,8.0,3.0,48
2025-12-01,12.0,8.0,48
2025-12-02,11.0,6.0,48
2025-12-03,11.0,4.0,48
2025-12-04,8.0,3.0,48
2025-12-05,10.0,0.0,48
2025-12-06,12.0,9.0,48
2025-12-07,15.0,8.0,48
2025-12-08,14.0,10.0,48
2025-12-09,14.0,11.0,48
2025-12-10,13.0,8.0,48
2025-12-11,12.0,6.0,48
2025-12-12,12.0,7.0,48
2025-12-13,10.0,2.0,48
2025-12-14,11.0,5.0,48
2025-12-15,12.0,10.0,48
2025-12-16,11.0,4.0,48
2025-12-17,11.0,1.0,48
2025-12-18,13.0,10.0,48
2025-12-19,11.0,6.0,48
2025-12-20,10.0,3.0,48
2025-12-21,11.0,7.0,48
2025-12-22,11.0,8.0,48
2025-12-23,9.0,6.0,48
2025-12-24,6.0,3.0,48
2025-12-25,6.0,3.0,48
2025-12-26,6.0,3.0,48
2025-12-27,7.0,2.0,48
2025-12-28,7.0,6.0,48
2025-12-29,6.0,5.0,48
2025-12-30,7.0,1.0,48
2025-12-31,3.0,-1.0,48
2026-01-01,6.0,0.0,48
2026-01-02,4.0,0.0,48
2026-01-03,4.0,-3.0,48
2026-01-04,3.0,-4.0,48
2026-01-05,2.0,-3.0,48
2026-01-06,5.0,-5.0,48
2026-01-07,6.0,2.0,48
2026-01-08,8.0,3.0,48
2026-01-09,7.0,2.0,48
2026-01-10,3.0,-2.0,48
2026-01-11,10.0,-2.0,48
2026-01-12,11.0,8.0,48
2026-01-13,11.0,6.0,48
2026-01-14,10.0,0.0,48
2026-01-15,10.0,5.0,48
2026-01-16,10.0,2.0,48
2026-01-17,10.0,7.0,48
2026-01-18,11.0,6.0,48
2026-01-19,10.0,7.0,48
2026-01-20,10.0,8.0,48
2026-01-21,10.0,4.0,48
2026-01-22,10.0,6.0,48
2026-01-23,9.0,6.0,48
2026-01-24,10.0,6.0,48
2026-01-25,8.0,6.0,48
2026-01-26,6.0,5.0,48
2026-01-27,11.0,4.0,48
2026-01-28,9.0,2.0,48
2026-01-29,7.0,0.0,48
2026-01-30,11.0,4.0,48
2026-01-31,11.0,5.0,48
2026-02-01,9.0,6.0,48
2026-02-02,8.0,6.0,48
2026-02-03,7.0,3.0,48
2026-02-04,11.0,4.0,48
2026-02-05,9.0,6.0,48
2026-02-06,11.0,7.0,48
2026-02-07,11.0,5.0,48
2026-02-08,11.0,4.0,48
2026-02-09,11.0,6.0,48
2026-02-10,11.0,8.0,48
2026-02-11,12.0,8.0,48
2026-02-12,11.0,6.0,48
2026-02-13,9.0,4.0,48
2026-02-14,6.0,1.0,47
2026-02-15,10.0,3.0,48
2026-02-16,10.0,6.0,48
2026-02-17,6.0,3.0,48
2026-02-18,6.0,3.0,48
2026-02-19,6.0,5.0,48
2026-02-20,12.0,5.0,48
2026-02-21,14.0,9.0,48
2026-02-22,14.0,9.0,48
2026-02-23,13.0,9.0,48
2026-02-24,15.0,10.0,48
2026-02-25,17.0,7.0,48
2026-02-26,13.0,10.0,48
2026-02-27,13.0,9.0,48
2026-02-28,11.0,6.0,48
2026-03-01,13.0,8.0,48
2026-03-02,15.0,8.0,48
2026-03-03,14.0,6.0,48
2026-03-04,13.0,5.0,48
2026-03-05,18.0,4.0,48
2026-03-06,10.0,7.0,48
2026-03-07,9.0,7.0,48
2026-03-08,10.0,7.0,48
2026-03-09,13.0,7.0,48
2026-03-10,13.0,8.0,48
2026-03-11,13.0,6.0,48
2026-03-12,12.0,6.0,48
2026-03-13,12.0,3.0,48
2026-03-14,11.0,1.0,48
2026-03-15,12.0,2.0,48
2026-03-16,12.0,5.0,48
2026-03-17,14.0,7.0,48
2026-03-18,18.0,6.0,48
2026-03-19,17.0,4.0,48
2026-03-20,14.0,4.0,48
2026-03-21,14.0,3.0,48
2026-03-22,12.0,2.0,48
2026-03-23,15.0,5.0,48
2026-03-24,13.0,8.0,48
2026-03-25,10.0,4.0,48
2026-03-26,10.0,1.0,48
2026-03-27,12.0,7.0,48
2026-03-28,12.0,3.0,48
2026-03-29,10.0,2.0,46
2026-03-30,12.0,5.0,48
2026-03-31,18.0,8.0,48
2026-04-01,13.0,7.0,48
2026-04-02,12.0,6.0,48
2026-04-03,16.0,9.0,48
2026-04-04,14.0,8.0,48
2026-04-05,13.0,7.0,48
2026-04-06,15.0,2.0,48
2026-04-07,21.0,6.0,48
2026-04-08,25.0,8.0,48
2026-04-09,21.0,7.0,48
2026-04-10,13.0,7.0,48
2026-04-11,13.0,8.0,48
2026-04-12,15.0,6.0,48
2026-04-13,12.0,3.0,48
2026-04-14,16.0,3.0,48
2026-04-15,16.0,10.0,48
2026-04-16,17.0,10.0,48
2026-04-17,18.0,10.0,48
2026-04-18,18.0,9.0,48
2026-04-19,15.0,6.0,48
2026-04-20,14.0,5.0,48
2026-04-21,15.0,6.0,45
2026-04-22,17.0,6.0,48
2026-04-23,18.0,7.0,48
2026-04-24,20.0,5.0,48
2026-04-25,21.0,4.0,48
2026-04-26,19.0,7.0,48
2026-04-27,21.0,8.0,48
2026-04-28,17.0,9.0,48
2026-04-29,18.0,8.0,48
2026-04-30,21.0,10.0,48
2026-05-01,24.0,8.0,48
2026-05-02,22.0,10.0,48
2026-05-03,19.0,12.0,48
2026-05-04,16.0,12.0,48
2026-05-05,16.0,11.0,48
2026-05-06,14.0,8.0,48
2026-05-07,16.0,7.0,48
2026-05-08,19.0,8.0,48
2026-05-09,21.0,8.0,48
2026-05-10,14.0,7.0,48
2026-05-11,13.0,2.0,48
2026-05-12,16.0,3.0,48
2026-05-13,13.0,8.0,48
2026-05-14,14.0,6.0,48
2026-05-15,14.0,6.0,48
2026-05-16,14.0,4.0,48
2026-05-17,17.0,9.0,48
2026-05-18,14.0,8.0,48
2026-05-19,18.0,11.0,48
2026-05-20,21.0,12.0,48
2026-05-21,23.0,12.0,48
2026-05-22,27.0,13.0,48
2026-05-23,29.0,18.0,48
2026-05-24,31.0,15.0,48
2026-05-25,33.0,18.0,48
2026-05-26,34.0,19.0,48
2026-05-27,27.0,16.0,48
2026-05-28,30.0,15.0,48
2026-05-29,25.0,16.0,48
2026-05-30,29.0,16.0,48
2026-05-31,23.0,14.0,48
2026-06-01,23.0,13.0,48
2026-06-02,19.0,13.0,48
2026-06-03,19.0,12.0,48
2026-06-04,20.0,14.0,48
2026-06-05,18.0,12.0,48
2026-06-06,16.0,12.0,48
2026-06-07,18.0,11.0,48
2026-06-08,17.0,11.0,48
2026-06-09,19.0,9.0,48
2026-06-10,19.0,10.0,48
2026-06-11,18.0,10.0,48
2026-06-12,22.0,14.0,48
2026-06-13,22.0,12.0,48
2026-06-14,20.0,11.0,48
2026-06-15,22.0,14.0,48
2026-06-16,26.0,16.0,48
2026-06-17,25.0,17.0,48
2026-06-18,24.0,17.0,46
2026-06-19,29.0,17.0,48
2026-06-20,25.0,17.0,48
2026-06-21,31.0,18.0,48
2026-06-22,29.0,18.0,48
2026-06-23,33.0,18.0,48
2026-06-24,35.0,23.0,48
2026-06-25,32.0,21.0,48
2026-06-26,35.0,22.0,48
2026-06-27,30.0,20.0,48
2026-06-28,26.0,16.0,48
2026-06-29,23.0,13.0,48
2026-06-30,24.0,16.0,48
2026-07-01,26.0,16.0,48
2026-07-02,26.0,16.0,48
2026-07-03,27.0,13.0,48
2026-07-04,28.0,15.0,48
2026-07-05,29.0,16.0,48
2026-07-06,32.0,17.0,48
2026-07-07,31.0,18.0,48
2026-07-08,33.0,20.0,48
2026-07-09,34.0,20.0,48
2026-07-10,30.0,21.0,48
2026-07-11,30.0,18.0,48
2026-07-12,31.0,17.0,48
2026-07-13,28.0,15.0,48
2026-07-14,30.0,17.0,48
2026-07-15,29.0,17.0,48
2026-07-16,30.0,16.0,48
2026-07-17,29.0,16.0,48
2026-07-18,23.0,16.0,48
2026-07-19,23.0,13.0,48
2026-07-20,26.0,12.0,48
2026-07-21,24.0,15.0,48
2026-07-22,27.0,15.0,48
2026-07-23,26.0,16.0,48
2026-07-24,28.0,17.0,48
2026-07-25,29.0,16.0,48
2026-07-26,26.0,18.0,48
2026-07-27,27.0,15.0,48
2026-07-28,29.0,17.0,48
2026-07-29,34.0,17.0,48
2026-07-30,28.0,17.0,48
2026-07-31,25.0,17.0,47
2026-08-01,25.0,15.0,48
2026-08-02,28.0,16.0,48
2026-08-03,32.0,17.0,48
2026-08-04,30.0,19.0,48
2026-08-05,25.0,17.0,48
2026-08-06,22.0,13.0,48
2026-08-07,26.0,13.0,48
2026-08-08,28.0,13.0,48
2026-08-09,31.0,15.0,48
2026-08-10,26.0,17.0,48
2026-08-11,26.0,15.0,48
2026-08-12,33.0,16.0,48
2026-08-13,36.0,19.0,48
2026-08-14,33.0,19.0,48
2026-08-15,27.0,20.0,48
2026-08-16,26.0,17.0,48
2026-08-17,28.0,18.0,48
2026-08-18,26.0,19.0,48
2026-08-19,25.0,16.0,48
2026-08-20,23.0,15.0,48
2026-08-21,21.0,14.0,48
2026-08-22,22.0,12.0,48
2026-08-23,24.0,11.0,48
2026-08-24,22.0,13.0,48
2026-08-25,25.0,15.0,46
2026-08-26,27.0,18.0,46
2026-08-27,25.0,19.0,46
2026-08-28,25.0,15.0,46
2026-08-29,21.0,17.0,46
2026-08-30,23.0,16.0,46
2026-08-31,17.0,17.0,2
2026-09-02,21.0,16.0,46
2026-09-03,19.0,19.0,2
2026-09-06,27.0,14.0,46
2026-09-07,24.0,17.0,46
2026-09-08,18.0,18.0,2
