event_id,event_title,market_question,outcomes,prices,volume,liquidity,clob_token_ids,end_date,closed,won
968195,Highest temperature in London on September 7?,Will the highest temperature in London be 18°C or below on September 7?,"[""Yes"", ""No""]","[""0"", ""1""]",267.508,,"[""65694776295017803854506390933446688442243953618022318841609707412203917360438"", ""26124667373681051208219413702578753266461911280713578476214341099027649796483""]",2026-09-07T12:00:00Z,True,False
968195,Highest temperature in London on September 7?,Will the highest temperature in London be 19°C on September 7?,"[""Yes"", ""No""]","[""0"", ""1""]",144.50300000000001,,"[""61053877318589639159122204346224755611039198351238488960611020047181235338631"", ""103818183592222486895361349446973213179772064305569823590303733009093344638432""]",2026-09-07T12:00:00Z,True,False
968195,Highest temperature in London on September 7?,Will the highest temperature in London be 20°C on September 7?,"[""Yes"", ""No""]","[""0"", ""1""]",457.5435,,"[""35056068150549595873864454206490677898404397999881994576444505754327351333699"", ""35004516929026247820067647809147402709436842331914991561651012119618926896521""]",2026-09-07T12:00:00Z,True,False
968195,Highest temperature in London on September 7?,Will the highest temperature in London be 21°C on September 7?,"[""Yes"", ""No""]","[""0"", ""1""]",1216.9336319999998,,"[""112705214120545085403425696465983752596740773303231951655146289841494135845798"", ""60579659528364772765691231639917366108724145612874985180372858321751754180375""]",2026-09-07T12:00:00Z,True,False
968195,Highest temperature in London on September 7?,Will the highest temperature in London be 22°C on September 7?,"[""Yes"", ""No""]","[""0"", ""1""]",4340.066154000001,,"[""46522061790137823940466083803729954274329449197545476112437333950619651652298"", ""63259257410623662506913023966752494612578918880597700767244731196672246922187""]",2026-09-07T12:00:00Z,True,False
968195,Highest temperature in London on September 7?,Will the highest temperature in London be 23°C on September 7?,"[""Yes"", ""No""]","[""0"", ""1""]",13718.740125999999,,"[""59214952065786042113905024301782446241295230052898935030149738021514708035389"", ""83103050342961047279468317069265560672445290513294722953894907439683896351652""]",2026-09-07T12:00:00Z,True,False
968195,Highest temperature in London on September 7?,Will the highest temperature in London be 24°C on September 7?,"[""Yes"", ""No""]","[""0"", ""1""]",19835.874378,,"[""21565757652230358673617484684409622905782770831720656424287031498506239486710"", ""61379483725157653645897519668800722211428667928550950491878890617837021458499""]",2026-09-07T12:00:00Z,True,False
968195,Highest temperature in London on September 7?,Will the highest temperature in London be 25°C on September 7?,"[""Yes"", ""No""]","[""1"", ""0""]",17618.439467999997,,"[""95105222506085595657788222393272452917647087242468898650563258916821804187163"", ""35633360464083918131876741561550115466638516009804101169402541616243127916938""]",2026-09-07T12:00:00Z,True,True
968195,Highest temperature in London on September 7?,Will the highest temperature in London be 26°C on September 7?,"[""Yes"", ""No""]","[""0"", ""1""]",10279.699183,,"[""104685057872140622382107215331214921219651347674578742426059060082952657209389"", ""90241716228783615874326530763700560537003962709664918053254165357663536070041""]",2026-09-07T12:00:00Z,True,False
968195,Highest temperature in London on September 7?,Will the highest temperature in London be 27°C on September 7?,"[""Yes"", ""No""]","[""0"", ""1""]",3472.0297739999996,,"[""4509271953218250242506737844748900689087299760456355170452246217870080475161"", ""50517922239445656759656149902648740610485906572425002803431422441294540602931""]",2026-09-07T12:00:00Z,True,False
968195,Highest temperature in London on September 7?,Will the highest temperature in London be 28°C or higher on September 7?,"[""Yes"", ""No""]","[""0"", ""1""]",2978.852115,,"[""81160980887646645227417882901524879381260385839000507372044384466564525826280"", ""9932537105857332087788109423323284681762068169407521722037202938298558864073""]",2026-09-07T12:00:00Z,True,False
968087,Lowest temperature in London on September 7?,Will the lowest temperature in London be 13°C or below on September 7?,"[""Yes"", ""No""]","[""0"", ""1""]",74.94,0,"[""115713790731075422491734400063333713094581750610891600620488797617252187785956"", ""114483182420214920349599218093735955179796015455169005793004023370097128261895""]",2026-09-07T12:00:00Z,True,False
968087,Lowest temperature in London on September 7?,Will the lowest temperature in London be 14°C on September 7?,"[""Yes"", ""No""]","[""0"", ""1""]",55,,"[""4932194168044173292231979353149502555192626598348903676799413844490570363977"", ""30552382843924853536762860127822603592457122700818571642605978411016220018905""]",2026-09-07T12:00:00Z,True,False
968087,Lowest temperature in London on September 7?,Will the lowest temperature in London be 15°C on September 7?,"[""Yes"", ""No""]","[""0"", ""1""]",69.072,,"[""76311557971215747024026647534438137371030010906288650093666239488674007305882"", ""111073523312088781554697796516249723116896641921359622532079028096165398132175""]",2026-09-07T12:00:00Z,True,False
968087,Lowest temperature in London on September 7?,Will the lowest temperature in London be 16°C on September 7?,"[""Yes"", ""No""]","[""0"", ""1""]",630.36155,,"[""109947930960937952444849425964706667027247374851327499753039538071682924206413"", ""88151654898412176959055124684364706309723685054576955818713254382675658369919""]",2026-09-07T12:00:00Z,True,False
968087,Lowest temperature in London on September 7?,Will the lowest temperature in London be 17°C on September 7?,"[""Yes"", ""No""]","[""0"", ""1""]",1363.115677,,"[""30849769292565518685534259728917585080126468662801459838937931122199440699104"", ""52031640282622559151577822372699926251592573239779249477294745819939640685385""]",2026-09-07T12:00:00Z,True,False
968087,Lowest temperature in London on September 7?,Will the lowest temperature in London be 18°C on September 7?,"[""Yes"", ""No""]","[""1"", ""0""]",3954.1344520000002,,"[""27171662942474048182875324823865272686423762008690469644045854017744312225259"", ""101165233663073859503765622230213740623834511956902566421696846649257087439409""]",2026-09-07T12:00:00Z,True,True
968087,Lowest temperature in London on September 7?,Will the lowest temperature in London be 19°C on September 7?,"[""Yes"", ""No""]","[""0"", ""1""]",2085.888562,,"[""30241686027715738855075415363306156614393979020750583381070527755962154563741"", ""102587376195303698589016124763931380015469268994066993703153552831845971492232""]",2026-09-07T12:00:00Z,True,False
968087,Lowest temperature in London on September 7?,Will the lowest temperature in London be 20°C on September 7?,"[""Yes"", ""No""]","[""0"", ""1""]",202.45539300000002,,"[""53971798894715105261507055914444079531862084743526297197607814640605825468745"", ""40906946279789080107624994790595945209897583098022637449331438612218420633121""]",2026-09-07T12:00:00Z,True,False
968087,Lowest temperature in London on September 7?,Will the lowest temperature in London be 21°C on September 7?,"[""Yes"", ""No""]","[""0"", ""1""]",85.47,0,"[""62126271987118123391351533632062922274430547243428725773738359196009775152602"", ""4033864261752386191692612099098877556352868418949273448569619122814999385937""]",2026-09-07T12:00:00Z,True,False
968087,Lowest temperature in London on September 7?,Will the lowest temperature in London be 22°C on September 7?,"[""Yes"", ""No""]","[""0"", ""1""]",90.88,0,"[""2902102134638985348923204814723354806655682563121484044858775342306004435814"", ""42335856693168927264878632413101141757558711069306799250265503900311750588122""]",2026-09-07T12:00:00Z,True,False
968087,Lowest temperature in London on September 7?,Will the lowest temperature in London be 23°C or higher on September 7?,"[""Yes"", ""No""]","[""0"", ""1""]",499.061099,0,"[""112696622473712078642654281884864760533142991046650404496612375641933415335218"", ""92071295244302293456943491013218988781585127584291325230670237462667168576063""]",2026-09-07T12:00:00Z,True,False
973992,Highest temperature in London on September 8?,Will the highest temperature in London be 16°C or below on September 8?,"[""Yes"", ""No""]","[""0"", ""1""]",17822.334255,,"[""30201322517208800226499149225565497765903692593427065890489726216988319347408"", ""114888694564481950783446747292590782924737574253418271188980236230296418791102""]",2026-09-08T12:00:00Z,True,False
973992,Highest temperature in London on September 8?,Will the highest temperature in London be 17°C on September 8?,"[""Yes"", ""No""]","[""0"", ""1""]",22373.670667,,"[""40303124429150004938583809650154786568840748841830825437377210145690689363062"", ""42264683489554723656281734206522217209587940825785697636175026630871607516963""]",2026-09-08T12:00:00Z,True,False
973992,Highest temperature in London on September 8?,Will the highest temperature in London be 18°C on September 8?,"[""Yes"", ""No""]","[""0"", ""1""]",37343.443243,,"[""43416558890728074092477698996657224232307349798412350621497868394286060457203"", ""39356745465145039709083814786634426556244199875425104478120082155583012636340""]",2026-09-08T12:00:00Z,True,False
973992,Highest temperature in London on September 8?,Will the highest temperature in London be 19°C on September 8?,"[""Yes"", ""No""]","[""1"", ""0""]",33982.78281700001,,"[""4825855395547449723676070339940834080958015262120033653066150864990743050006"", ""103308112555384592216342428403353834693948145557284952161522035527750628931764""]",2026-09-08T12:00:00Z,True,True
973992,Highest temperature in London on September 8?,Will the highest temperature in London be 20°C on September 8?,"[""Yes"", ""No""]","[""0"", ""1""]",23854.363621000004,,"[""52224387619510359223236475438322375126490849090608791461539259917409614456253"", ""81220469266346230621592553125864691550269566132919558393829899041464732598814""]",2026-09-08T12:00:00Z,True,False
973992,Highest temperature in London on September 8?,Will the highest temperature in London be 21°C on September 8?,"[""Yes"", ""No""]","[""0"", ""1""]",12054.915689,,"[""90137295093718848813116987741990249438608900025027925851504740074680825913086"", ""113988474454303638182498024308735000867549169041618778882996518176850819695105""]",2026-09-08T12:00:00Z,True,False
973992,Highest temperature in London on September 8?,Will the highest temperature in London be 22°C on September 8?,"[""Yes"", ""No""]","[""0"", ""1""]",10750.262601000002,,"[""89208100040038230385219770897584659712253621743224813939598484427501072242503"", ""59623826903872560897440483410167301834190146934453792675433817181907181801888""]",2026-09-08T12:00:00Z,True,False
973992,Highest temperature in London on September 8?,Will the highest temperature in London be 23°C on September 8?,"[""Yes"", ""No""]","[""0"", ""1""]",2752.4929,,"[""25346590173440296957799321514663602286016358652867275718214575169648279817223"", ""89458213348468670782192144646979997360511461517587521035116565632966804265915""]",2026-09-08T12:00:00Z,True,False
973992,Highest temperature in London on September 8?,Will the highest temperature in London be 24°C on September 8?,"[""Yes"", ""No""]","[""0"", ""1""]",958.7129419999999,0,"[""102571862584837683325692848255507297409800002924158370368053590071948208355906"", ""12485496493835214698170324714715951326541753437040583685555598320048300494521""]",2026-09-08T12:00:00Z,True,False
973992,Highest temperature in London on September 8?,Will the highest temperature in London be 25°C on September 8?,"[""Yes"", ""No""]","[""0"", ""1""]",1072.47,0,"[""110813040627269012158485331597991126806810367006988587318800124245680239041712"", ""56427654443380902825522409241125503996165048892143302779454546765702044526052""]",2026-09-08T12:00:00Z,True,False
973992,Highest temperature in London on September 8?,Will the highest temperature in London be 26°C or higher on September 8?,"[""Yes"", ""No""]","[""0"", ""1""]",4763.63257,0,"[""37800697842203180580006743809829500958894466073133239207555190384312711020070"", ""68553273695257937769203643858639605669837519080961558868318984492000346394361""]",2026-09-08T12:00:00Z,True,False
973859,Lowest temperature in London on September 8?,Will the lowest temperature in London be 11°C or below on September 8?,"[""Yes"", ""No""]","[""0"", ""1""]",266.832,,"[""94261476392193221533061749492144747369951415653831046103140254736879509270004"", ""55794253587677784193195664241021269413400761236035440545084057959153212957895""]",2026-09-08T12:00:00Z,True,False
973859,Lowest temperature in London on September 8?,Will the lowest temperature in London be 12°C on September 8?,"[""Yes"", ""No""]","[""0"", ""1""]",199.05949999999999,,"[""107518676619101910885767796367154502676013546102164161005276968712710380364726"", ""55645472226265462447749536525972025234604054556369093015279414630955379210433""]",2026-09-08T12:00:00Z,True,False
973859,Lowest temperature in London on September 8?,Will the lowest temperature in London be 13°C on September 8?,"[""Yes"", ""No""]","[""0"", ""1""]",719.739395,,"[""38428705971434278196163482646021539856495815646502734765264823385860156963513"", ""23187850939188180459916551805807797233933207896304778535921980952414310228666""]",2026-09-08T12:00:00Z,True,False
973859,Lowest temperature in London on September 8?,Will the lowest temperature in London be 14°C on September 8?,"[""Yes"", ""No""]","[""1"", ""0""]",1836.6525079999997,,"[""9786554880810643152935823765287286731744194723681949203449642248994849698791"", ""71246628231941564484181297627063395089685679489525608314487532026817386852834""]",2026-09-08T12:00:00Z,True,True
973859,Lowest temperature in London on September 8?,Will the lowest temperature in London be 15°C on September 8?,"[""Yes"", ""No""]","[""0"", ""1""]",2571.5922490000003,,"[""15853155835608201774268553389913538957567711116176984660727370839859618330494"", ""98266391162870686520866812221669848456680465025435816397887324838839560456953""]",2026-09-08T12:00:00Z,True,False
973859,Lowest temperature in London on September 8?,Will the lowest temperature in London be 16°C on September 8?,"[""Yes"", ""No""]","[""0"", ""1""]",2222.305151,,"[""110015032085153872377192204772609123167154919157676681863789391348470845713977"", ""57624259126552938601539367155087145604231610689841572973176375519227133939788""]",2026-09-08T12:00:00Z,True,False
973859,Lowest temperature in London on September 8?,Will the lowest temperature in London be 17°C on September 8?,"[""Yes"", ""No""]","[""0"", ""1""]",402.19041500000003,,"[""66886762528427800346738257949052452179489143064610179200005014727150291218888"", ""98854702066634635002308881660099152224450197532081288483975595001435359395167""]",2026-09-08T12:00:00Z,True,False
973859,Lowest temperature in London on September 8?,Will the lowest temperature in London be 18°C on September 8?,"[""Yes"", ""No""]","[""0"", ""1""]",431.41,,"[""73312629681116885197317879316037782658778160837832279300533625392371509793083"", ""31310188686748447422524618262885782760215378215378157176275123125844820206947""]",2026-09-08T12:00:00Z,True,False
973859,Lowest temperature in London on September 8?,Will the lowest temperature in London be 19°C on September 8?,"[""Yes"", ""No""]","[""0"", ""1""]",919.9920000000001,,"[""45277379567736287102955423358574260918535201213287403809527389756139369816770"", ""17984224801440616892610180412523308097674533809174559999916717648514830092822""]",2026-09-08T12:00:00Z,True,False
973859,Lowest temperature in London on September 8?,Will the lowest temperature in London be 20°C on September 8?,"[""Yes"", ""No""]","[""0"", ""1""]",60,0,"[""149696917438012193606982474260498237538955206475266622568055571497383216350"", ""8016412077749332516112479898987085699482561732567128355838168163618779926829""]",2026-09-08T12:00:00Z,True,False
973859,Lowest temperature in London on September 8?,Will the lowest temperature in London be 21°C or higher on September 8?,"[""Yes"", ""No""]","[""0"", ""1""]",60,0,"[""21569386039054795217983281989404345425948656753389285964460213167612542282595"", ""53087030416469925913943828242394742815991801773337049854095151073766653363702""]",2026-09-08T12:00:00Z,True,False
980831,Highest temperature in London on September 9?,Will the highest temperature in London be 15°C or below on September 9?,"[""Yes"", ""No""]","[""0.001"", ""0.999""]",1999.515016,3981.51992,"[""115172065911995828668544019303676596831172820943752643389244734158917148742904"", ""44728316970510469574754631978698639301206458593914122911761609986322575215319""]",2026-09-09T12:00:00Z,False,False
980831,Highest temperature in London on September 9?,Will the highest temperature in London be 16°C on September 9?,"[""Yes"", ""No""]","[""0.0005"", ""0.9995""]",396.3527,1420.26959,"[""99842891571757492322884515430107853537967672407001103215643966282100577554161"", ""348404098550903611547523846115600635487905394937162742478806551391730983255""]",2026-09-09T12:00:00Z,False,False
980831,Highest temperature in London on September 9?,Will the highest temperature in London be 17°C on September 9?,"[""Yes"", ""No""]","[""0.004"", ""0.996""]",1260.8627569999996,969.10578,"[""69667087995165242952804289307572997087823591104551888839626036239668407510937"", ""27049241264233709728344345064556129205236613809405349262092334225583817259770""]",2026-09-09T12:00:00Z,False,False
980831,Highest temperature in London on September 9?,Will the highest temperature in London be 18°C on September 9?,"[""Yes"", ""No""]","[""0.06"", ""0.94""]",3617.777631,1777.8594,"[""93542963903141429400390882369142880963890885074804780783630264046184125277240"", ""101181546483292446782676697869440671159568934202389917626276589950898160524898""]",2026-09-09T12:00:00Z,False,False
980831,Highest temperature in London on September 9?,Will the highest temperature in London be 19°C on September 9?,"[""Yes"", ""No""]","[""0.37"", ""0.63""]",9451.768705999999,1636.0566,"[""92766274973647172191811600930284152189175950520741298528636635221081949882637"", ""926336167412572248147658305779222688203265466887882583034661972602489598810""]",2026-09-09T12:00:00Z,False,False
980831,Highest temperature in London on September 9?,Will the highest temperature in London be 20°C on September 9?,"[""Yes"", ""No""]","[""0.495"", ""0.505""]",11146.398567,611.2567,"[""44446403439725695129065758185347205705546288971223624599359388149579844225179"", ""46705312733490304947905680867119957241435904276248613119182977306062590751773""]",2026-09-09T12:00:00Z,False,False
980831,Highest temperature in London on September 9?,Will the highest temperature in London be 21°C on September 9?,"[""Yes"", ""No""]","[""0.1"", ""0.9""]",7029.872758999999,897.9554,"[""82965080782494246485769263605284124696333033886103843435939034387763942335926"", ""65198257633868823946163915895479321976969136619308818237796652839662064125675""]",2026-09-09T12:00:00Z,False,False
980831,Highest temperature in London on September 9?,Will the highest temperature in London be 22°C on September 9?,"[""Yes"", ""No""]","[""0.0025"", ""0.9975""]",3708.1436320000007,2971.97521,"[""95895849944895555895674534330616925841027101697776191933134439081885270971083"", ""14892140222471499350212530005878913177617601549697898464618705067011693080724""]",2026-09-09T12:00:00Z,False,False
980831,Highest temperature in London on September 9?,Will the highest temperature in London be 23°C on September 9?,"[""Yes"", ""No""]","[""0.0015"", ""0.9985""]",1183.4161969999998,3129.86523,"[""44579231623381409051232559194825544541169905880415163448923911923870423025360"", ""11174971175061384619237712384487217492119371439922137240100548670520073981041""]",2026-09-09T12:00:00Z,False,False
980831,Highest temperature in London on September 9?,Will the highest temperature in London be 24°C on September 9?,"[""Yes"", ""No""]","[""0.0015"", ""0.9985""]",1227.491,3183.76694,"[""107241354128252336803737119180157821071848558820970764166240482546024854337030"", ""98808990602964585045346426077498117055755538674762485483155860474757845823618""]",2026-09-09T12:00:00Z,False,False
980831,Highest temperature in London on September 9?,Will the highest temperature in London be 25°C or higher on September 9?,"[""Yes"", ""No""]","[""0.0015"", ""0.9985""]",1891.782802,6296.10746,"[""86934703932944231567406983151687368664041330316351912688057326039619795138419"", ""88614813993815019508404037661792952609375282369323019735728386804271687350505""]",2026-09-09T12:00:00Z,False,False
980689,Lowest temperature in London on September 9?,Will the lowest temperature in London be 6°C or below on September 9?,"[""Yes"", ""No""]","[""0.0005"", ""0.9995""]",255.998,2960.71556,"[""68747439370014444958612453912051035654834221521031040277903814210242318979353"", ""51446080234153748541631307923809011248504018805098899935412970562163178474380""]",2026-09-09T12:00:00Z,False,False
980689,Lowest temperature in London on September 9?,Will the lowest temperature in London be 7°C on September 9?,"[""Yes"", ""No""]","[""0.0015"", ""0.9985""]",210.2745,1944.78885,"[""86489981106866050920632058235049418793451767316558507954871694086543675629489"", ""79366293584066515913590325225888821751816427527942456983904734933608859149743""]",2026-09-09T12:00:00Z,False,False
980689,Lowest temperature in London on September 9?,Will the lowest temperature in London be 8°C on September 9?,"[""Yes"", ""No""]","[""0.0005"", ""0.9995""]",157.866013,1439.18538,"[""48944127492358814723300547842190836051762970626100015308347464921226559018958"", ""18224848105120565318993388629746524864580182252034090838651470193800836818006""]",2026-09-09T12:00:00Z,False,False
980689,Lowest temperature in London on September 9?,Will the lowest temperature in London be 9°C on September 9?,"[""Yes"", ""No""]","[""0.0005"", ""0.9995""]",203.22601300000002,1124.40224,"[""26639059411128265460376783981800019522903828290730283790414460843454326415250"", ""82651827778760833326863659799490032006060621100949014479921563937217707086278""]",2026-09-09T12:00:00Z,False,False
980689,Lowest temperature in London on September 9?,Will the lowest temperature in London be 10°C on September 9?,"[""Yes"", ""No""]","[""0.006"", ""0.994""]",101.231,316.77969,"[""28851576324931362804076109888317193012067430601030161290475584283992766035426"", ""2696507616617952886031694273889062067924418305516531302524878825747265626368""]",2026-09-09T12:00:00Z,False,False
980689,Lowest temperature in London on September 9?,Will the lowest temperature in London be 11°C on September 9?,"[""Yes"", ""No""]","[""0.01"", ""0.99""]",750.374162,219.2682,"[""27138071195982094492072927316073403769734160694388948847885688198394641328181"", ""40073763102289347844055413894752825127518531976529088061462408656241240393582""]",2026-09-09T12:00:00Z,False,False
980689,Lowest temperature in London on September 9?,Will the lowest temperature in London be 12°C on September 9?,"[""Yes"", ""No""]","[""0.985"", ""0.015""]",2873.7806149999997,388.2633,"[""20670941375903170256153008035263259780391590028236844554883471429985443535527"", ""98044901746267436968093789735755113677634476780015542025548757182039205356531""]",2026-09-09T12:00:00Z,False,False
980689,Lowest temperature in London on September 9?,Will the lowest temperature in London be 13°C on September 9?,"[""Yes"", ""No""]","[""0.0005"", ""0.9995""]",2867.7997609999998,9282.59872,"[""25290191078298083315723199155669760706051036029278737016737894471782282596907"", ""3420143039264864414010781033358538622598809609869362846804087547614362970149""]",2026-09-09T12:00:00Z,False,False
980689,Lowest temperature in London on September 9?,Will the lowest temperature in London be 14°C on September 9?,"[""Yes"", ""No""]","[""0.0005"", ""0.9995""]",167.956928,7910.17052,"[""111297160025813162010233649610187413324023392898476545340427883112613774986326"", ""62493775000370356148574211559369877711270779466161688212237380378779745109954""]",2026-09-09T12:00:00Z,False,False
980689,Lowest temperature in London on September 9?,Will the lowest temperature in London be 15°C on September 9?,"[""Yes"", ""No""]","[""0.0005"", ""0.9995""]",171.888,9009.3815,"[""25102723696315782025403950912544408195261151695429040059519348604729763135881"", ""22505706973862572622581544754200596912549118534994473370688814172408046127631""]",2026-09-09T12:00:00Z,False,False
980689,Lowest temperature in London on September 9?,Will the lowest temperature in London be 16°C or higher on September 9?,"[""Yes"", ""No""]","[""0.0005"", ""0.9995""]",119.99799999999999,9104.42674,"[""64470772386298992613000463303164780570670454616665536063966114806755285431916"", ""12005151711260613652803367095685314989501278859918104669309246288649589310397""]",2026-09-09T12:00:00Z,False,False
986707,Highest temperature in London on September 10?,Will the highest temperature in London be 16°C or below on September 10?,"[""Yes"", ""No""]","[""0.001"", ""0.999""]",683.5034099999999,4408.73314,"[""40099367578049298116616204018727570975033085516314066869736347876943430826530"", ""31905321923187030268883723180579424215984473683058419614717736693551793289618""]",2026-09-10T12:00:00Z,False,False
986707,Highest temperature in London on September 10?,Will the highest temperature in London be 17°C on September 10?,"[""Yes"", ""No""]","[""0.001"", ""0.999""]",447.79230000000007,3718.67101,"[""56031824254577386834024562120527407816884524436699978296501748943677429383648"", ""34116008308487482156661915188565571456439693589396945840288712120131830410557""]",2026-09-10T12:00:00Z,False,False
986707,Highest temperature in London on September 10?,Will the highest temperature in London be 18°C on September 10?,"[""Yes"", ""No""]","[""0.015"", ""0.985""]",738.5861499999999,4679.4128,"[""79575001388253753402594838241765249484715238461504812645136923062469386396135"", ""61683389011073702214047534094302534057534459024725909254226567372780616433424""]",2026-09-10T12:00:00Z,False,False
986707,Highest temperature in London on September 10?,Will the highest temperature in London be 19°C on September 10?,"[""Yes"", ""No""]","[""0.03"", ""0.97""]",2584.617392,6161.5729,"[""81836320570253103281454903112864952113917317973152801836258804840936140955288"", ""115620588324705067051612380637724316420448634346040195423799265095246502713393""]",2026-09-10T12:00:00Z,False,False
986707,Highest temperature in London on September 10?,Will the highest temperature in London be 20°C on September 10?,"[""Yes"", ""No""]","[""0.36"", ""0.64""]",2659.0981970000003,4410.5686,"[""82398067663586676190991717002538582621357384529639111449718429087740048929670"", ""67901891314478512241679638640314787287364428435281866398879020349032849974879""]",2026-09-10T12:00:00Z,False,False
986707,Highest temperature in London on September 10?,Will the highest temperature in London be 21°C on September 10?,"[""Yes"", ""No""]","[""0.54"", ""0.46""]",5415.5106510000005,4992.818,"[""19560367680999790443225395732413224935465931421881253241975530892979064826173"", ""95377880237261536018881204733435507723867418340525577887412848007644135413072""]",2026-09-10T12:00:00Z,False,False
986707,Highest temperature in London on September 10?,Will the highest temperature in London be 22°C on September 10?,"[""Yes"", ""No""]","[""0.07"", ""0.93""]",1718.444525,5656.5157,"[""12460187028990684462548186073123056651376425405241392407241753634302968022552"", ""51129870793524337225601599161831387188720835747797321868454626125836003465941""]",2026-09-10T12:00:00Z,False,False
986707,Highest temperature in London on September 10?,Will the highest temperature in London be 23°C on September 10?,"[""Yes"", ""No""]","[""0.006"", ""0.994""]",1308.187835,3802.40604,"[""985733077894385072426194946973393557911071246424460003640832996243474421172"", ""51017584655532323905376706377602905003098945386608696483637550212845756008244""]",2026-09-10T12:00:00Z,False,False
986707,Highest temperature in London on September 10?,Will the highest temperature in London be 24°C on September 10?,"[""Yes"", ""No""]","[""0.002"", ""0.998""]",672.2154,5515.15199,"[""107722470148065741608693553527432043414903723187544232094606924584330141001730"", ""45058510063934304675095264857701367210897139772904153304711275192586327775117""]",2026-09-10T12:00:00Z,False,False
986707,Highest temperature in London on September 10?,Will the highest temperature in London be 25°C on September 10?,"[""Yes"", ""No""]","[""0.0005"", ""0.9995""]",309.941,5828.96538,"[""51222699110021701402256669622099115794994789336631746374205520690539088903241"", ""86329670730588225994169417682047958488498862491665325696493737146584477490431""]",2026-09-10T12:00:00Z,False,False
986707,Highest temperature in London on September 10?,Will the highest temperature in London be 26°C or higher on September 10?,"[""Yes"", ""No""]","[""0.0005"", ""0.9995""]",569.1080000000001,5802.67517,"[""225698028421486029421492555571202028608066887984092389233617300498803424641"", ""51835412425823550255128275082573590001833013319237041773965406682884073425708""]",2026-09-10T12:00:00Z,False,False
986599,Lowest temperature in London on September 10?,Will the lowest temperature in London be 5°C or below on September 10?,"[""Yes"", ""No""]","[""0.0065"", ""0.9935""]",116.124,3344.99723,"[""19688311233973742942000421325373458184655481341909634437578763605521416037724"", ""109118269469601185918281082040147132770553725656980571820029707647820423821451""]",2026-09-10T12:00:00Z,False,False
986599,Lowest temperature in London on September 10?,Will the lowest temperature in London be 6°C on September 10?,"[""Yes"", ""No""]","[""0.0085"", ""0.9915""]",25,1684.04204,"[""69778347273283333729538207477646053085689868881344016392667344687974853180368"", ""82996869633432137186270497392529695764403322999035230707364043138654119246256""]",2026-09-10T12:00:00Z,False,False
986599,Lowest temperature in London on September 10?,Will the lowest temperature in London be 7°C on September 10?,"[""Yes"", ""No""]","[""0.007"", ""0.993""]",67.8,1287.20933,"[""100779095327096576293292276372665538023879336123002193970770948999076232987782"", ""14868286412529966327101741897536078955736052645989516204762194078836860790109""]",2026-09-10T12:00:00Z,False,False
986599,Lowest temperature in London on September 10?,Will the lowest temperature in London be 8°C on September 10?,"[""Yes"", ""No""]","[""0.0055"", ""0.9945""]",261.8,1160.16184,"[""61428538713341470132480144924876064630265298511517348016947994524344349186719"", ""8470600814980078464702581144707262035260530256935939787319964998566134629811""]",2026-09-10T12:00:00Z,False,False
986599,Lowest temperature in London on September 10?,Will the lowest temperature in London be 9°C on September 10?,"[""Yes"", ""No""]","[""0.015"", ""0.985""]",513.193444,1287.2375,"[""31661265693822871251124667465158698066982949881506866961991237996271598238202"", ""61573007016143881995281221085779322526538479737589185451674930205289638140741""]",2026-09-10T12:00:00Z,False,False
986599,Lowest temperature in London on September 10?,Will the lowest temperature in London be 10°C on September 10?,"[""Yes"", ""No""]","[""0.025"", ""0.975""]",159.0215,832.6868,"[""39929962360090977938250555331644993518433675657694146865166617328149073870083"", ""88655643111094252893774799691768318324865520328886097468808293414583317594756""]",2026-09-10T12:00:00Z,False,False
986599,Lowest temperature in London on September 10?,Will the lowest temperature in London be 11°C on September 10?,"[""Yes"", ""No""]","[""0.06"", ""0.94""]",472.40477500000003,758.3476,"[""48929150499490058760220058942635052242842451881429403030437988090105889439803"", ""88056241014899657452678912887834705530084803414480430121056416066778705948316""]",2026-09-10T12:00:00Z,False,False
986599,Lowest temperature in London on September 10?,Will the lowest temperature in London be 12°C on September 10?,"[""Yes"", ""No""]","[""0.435"", ""0.565""]",1734.744552,1807.3351,"[""102982027999050567807964786938486083407973025845130425341359172091564475139392"", ""79688900434452562128943224409635346161575063445321780644231717216570766592756""]",2026-09-10T12:00:00Z,False,False
986599,Lowest temperature in London on September 10?,Will the lowest temperature in London be 13°C on September 10?,"[""Yes"", ""No""]","[""0.33"", ""0.67""]",665.453852,2868.7541,"[""80981532853855927396233713643278178442048725147496791988782557515621294961851"", ""18459558616863417050869772765487859342901282475533617479308037256519411656089""]",2026-09-10T12:00:00Z,False,False
986599,Lowest temperature in London on September 10?,Will the lowest temperature in London be 14°C on September 10?,"[""Yes"", ""No""]","[""0.165"", ""0.835""]",383.66260800000003,1332.9803,"[""30269965027752203106420104399271980893341740420467984566535333004392937136471"", ""3362226739485274310412391024231766401836596621543513452129166474569212347868""]",2026-09-10T12:00:00Z,False,False
986599,Lowest temperature in London on September 10?,Will the lowest temperature in London be 15°C or higher on September 10?,"[""Yes"", ""No""]","[""0.025"", ""0.975""]",65.72919999999999,1408.0444,"[""71919837083198182095007378836982371025868465831855571614174216916916839364946"", ""57562656358067948682702083148091640127030379160893123448716869269616164656489""]",2026-09-10T12:00:00Z,False,False
992242,Highest temperature in London on September 11?,Will the highest temperature in London be 16°C or below on September 11?,"[""Yes"", ""No""]","[""0.0025"", ""0.9975""]",20,4191.08245,"[""25510674473772763804020473379291320719562046932371954672171958827180976174876"", ""73441331265021880566482917549085186791547942402252312190202632813508522323961""]",2026-09-11T12:00:00Z,False,False
992242,Highest temperature in London on September 11?,Will the highest temperature in London be 17°C on September 11?,"[""Yes"", ""No""]","[""0.015"", ""0.985""]",,3086.2326,"[""95814320671331332907217828714910309340779837371907220316068811658099690416980"", ""66479510272773472852368912792704320065103123053012073867422599471395630889727""]",2026-09-11T12:00:00Z,False,False
992242,Highest temperature in London on September 11?,Will the highest temperature in London be 18°C on September 11?,"[""Yes"", ""No""]","[""0.015"", ""0.985""]",,2553.9686,"[""92391216987252905423986792596269016699112383250104872855507381997132119236202"", ""52538864938263559385699083197438093454444817149952548663793755474891538095504""]",2026-09-11T12:00:00Z,False,False
992242,Highest temperature in London on September 11?,Will the highest temperature in London be 19°C on September 11?,"[""Yes"", ""No""]","[""0.03"", ""0.97""]",,2630.8476,"[""113386450626033377866967420813118398895914194337241605427029391077747892836726"", ""7891086665770968547457584404301038052050581488062042330565134550911423640498""]",2026-09-11T12:00:00Z,False,False
992242,Highest temperature in London on September 11?,Will the highest temperature in London be 20°C on September 11?,"[""Yes"", ""No""]","[""0.075"", ""0.925""]",91.33088599999999,2587.0791,"[""78682865145599693200970407272492609956735752969291396575617978273222370110277"", ""93346159155943343810049494900928578405914243072137515357968112246613266911170""]",2026-09-11T12:00:00Z,False,False
992242,Highest temperature in London on September 11?,Will the highest temperature in London be 21°C on September 11?,"[""Yes"", ""No""]","[""0.155"", ""0.845""]",144.35,2628.7421,"[""97035302663358726879339515776931948971197455334462936914742936936964076386738"", ""92226597782500528971374498649341244171322630424218977253229431461997568747508""]",2026-09-11T12:00:00Z,False,False
992242,Highest temperature in London on September 11?,Will the highest temperature in London be 22°C on September 11?,"[""Yes"", ""No""]","[""0.4"", ""0.6""]",47,2873.6059,"[""31236417426424124321102336369254577517611785765914338166715122097889412585383"", ""5821188750136101352421092595064843288209664296329432771038529281015876331708""]",2026-09-11T12:00:00Z,False,False
992242,Highest temperature in London on September 11?,Will the highest temperature in London be 23°C on September 11?,"[""Yes"", ""No""]","[""0.38"", ""0.62""]",61.832902000000004,3326.4137,"[""68617988669836510128646400570528603069597091976116866241530642575899900687337"", ""40738827932787693117874756215015611717821955078868005269727757203530817192694""]",2026-09-11T12:00:00Z,False,False
992242,Highest temperature in London on September 11?,Will the highest temperature in London be 24°C on September 11?,"[""Yes"", ""No""]","[""0.07"", ""0.93""]",19.95,2264.2413,"[""50230435269163203870250370462124983377887622058852541347194975783795936142965"", ""101702462226977984904364987979358909625131675205600636114925153152235656499433""]",2026-09-11T12:00:00Z,False,False
992242,Highest temperature in London on September 11?,Will the highest temperature in London be 25°C on September 11?,"[""Yes"", ""No""]","[""0.065"", ""0.935""]",,2119.3747,"[""34507121537262981647108490246193575856937320628437175714463794462798267162716"", ""81555571857735401391193347277160073029730487612315144750397597780243274545398""]",2026-09-11T12:00:00Z,False,False
992242,Highest temperature in London on September 11?,Will the highest temperature in London be 26°C or higher on September 11?,"[""Yes"", ""No""]","[""0.005"", ""0.995""]",20,2904.53075,"[""93042245968327892225199762611883737117380250242584791457211421682465080520126"", ""55614997738802931412747762656139439230553129408853153566981359664965930740838""]",2026-09-11T12:00:00Z,False,False
992144,Lowest temperature in London on September 11?,Will the lowest temperature in London be 10°C or below on September 11?,"[""Yes"", ""No""]","[""0.015"", ""0.985""]",,1046.2815,"[""81064800817538098870831288645548208137239877178090228590447886444578350813531"", ""30264189303570112958697517825895434296361088528205841667289116053374795960268""]",2026-09-11T12:00:00Z,False,False
992144,Lowest temperature in London on September 11?,Will the lowest temperature in London be 11°C on September 11?,"[""Yes"", ""No""]","[""0.015"", ""0.985""]",,1791.0355,"[""18457188809324062719950059507799298118645327058933045568566647481220460471884"", ""27177600635387878674734528495780076837257621189128687382168330984375916332647""]",2026-09-11T12:00:00Z,False,False
992144,Lowest temperature in London on September 11?,Will the lowest temperature in London be 12°C on September 11?,"[""Yes"", ""No""]","[""0.015"", ""0.985""]",,1067.5385,"[""45833010689821884275792491166001508339078317127740188562116597599069120368019"", ""42288925809378474690433135526820542861340317197117978496507609091967473933994""]",2026-09-11T12:00:00Z,False,False
992144,Lowest temperature in London on September 11?,Will the lowest temperature in London be 13°C on September 11?,"[""Yes"", ""No""]","[""0.09"", ""0.91""]",,1129.1668,"[""33659410484101898838243418087955831187586304851562459448419215926738477500972"", ""95441439056893599229283348228089652477902723026597524494385028682465164926519""]",2026-09-11T12:00:00Z,False,False
992144,Lowest temperature in London on September 11?,Will the lowest temperature in London be 14°C on September 11?,"[""Yes"", ""No""]","[""0.05"", ""0.95""]",,1095.3056,"[""54790838809470490045365749141730230514624074776584851289562629239646616684616"", ""76344902296269107690204000853527849482703500825946559540846573710465981109174""]",2026-09-11T12:00:00Z,False,False
992144,Lowest temperature in London on September 11?,Will the lowest temperature in London be 15°C on September 11?,"[""Yes"", ""No""]","[""0.415"", ""0.585""]",146.362047,1172.5894,"[""81781570713643058105871029979552716323795267023121427004443431038914281040166"", ""105428560548201407682085574333318252415628069942579613676675800217560699398739""]",2026-09-11T12:00:00Z,False,False
992144,Lowest temperature in London on September 11?,Will the lowest temperature in London be 16°C on September 11?,"[""Yes"", ""No""]","[""0.405"", ""0.595""]",222.5,1221.1013,"[""16930389846530879196932037423047006811695826233794559167076727642176956215834"", ""44000548362459081498817823196282176718721876387257727059965303512009830137540""]",2026-09-11T12:00:00Z,False,False
992144,Lowest temperature in London on September 11?,Will the lowest temperature in London be 17°C on September 11?,"[""Yes"", ""No""]","[""0.13"", ""0.87""]",,1231.3646,"[""115107580291862650895367454477903452321669297393369273074818498903325315508236"", ""63960431162158724658446556683182430552097811378714346154265944005435698716720""]",2026-09-11T12:00:00Z,False,False
992144,Lowest temperature in London on September 11?,Will the lowest temperature in London be 18°C on September 11?,"[""Yes"", ""No""]","[""0.015"", ""0.985""]",,1803.0965,"[""692496634632933892829614075463056376192568376965217484191727175566347865886"", ""14716226520459179732640886866050770516764564289582454702634462935492787090719""]",2026-09-11T12:00:00Z,False,False
992144,Lowest temperature in London on September 11?,Will the lowest temperature in London be 19°C on September 11?,"[""Yes"", ""No""]","[""0.01"", ""0.99""]",,2971.7685,"[""65499048278309023672229803327355734379141025222359092293777748029748552467008"", ""5813899476413474600902843357658418721002874902710734730619948802313748185244""]",2026-09-11T12:00:00Z,False,False
992144,Lowest temperature in London on September 11?,Will the lowest temperature in London be 20°C or higher on September 11?,"[""Yes"", ""No""]","[""0.01"", ""0.99""]",,2329.2815,"[""96788696111270757553841116691365376975293862145851076652958663495962900548875"", ""60384981718430933768596615454906906872050836084657114635166037689358690054487""]",2026-09-11T12:00:00Z,False,False
